order_item_id,order_id,customer_id,product_id,order_date,order_month,order_dayofweek,payment_method,order_status,gender,age,city,signup_date,product_name,category,price,quantity,unit_price,line_total,order_match,product_match,customer_match,merge_valid
1,1,144.0,39,2026-07-12,2026-07,Sunday,naver_pay,completed,F,90.0,인천,2024-03-13,뷰티 상품 039,뷰티,172000.0,2.0,172000.0,344000.0,True,True,True,True
2,2,149.0,26,2025-10-02,2025-10,Thursday,kakao_pay,completed,M,32.0,서울,2025-03-23,뷰티 상품 026,뷰티,79000.0,4.0,79000.0,316000.0,True,True,True,True
3,2,149.0,46,2025-10-02,2025-10,Thursday,kakao_pay,completed,M,32.0,서울,2025-03-23,생활용품 상품 046,생활용품,87000.0,3.0,87000.0,261000.0,True,True,True,True
4,2,149.0,80,2025-10-02,2025-10,Thursday,kakao_pay,completed,M,32.0,서울,2025-03-23,패션 상품 080,패션,187000.0,1.0,187000.0,187000.0,True,True,True,True
5,2,149.0,91,2025-10-02,2025-10,Thursday,kakao_pay,completed,M,32.0,서울,2025-03-23,전자기기 상품 091,전자기기,125000.0,5.0,125000.0,625000.0,True,True,True,True
6,3,34.0,61,2026-03-13,2026-03,Friday,naver_pay,completed,M,54.0,광주,2026-06-09,패션 상품 061,패션,28000.0,3.0,28000.0,84000.0,True,True,True,True
7,3,34.0,62,2026-03-13,2026-03,Friday,naver_pay,completed,M,54.0,광주,2026-06-09,전자기기 상품 062,전자기기,82000.0,3.0,82000.0,246000.0,True,True,True,True
8,3,34.0,52,2026-03-13,2026-03,Friday,naver_pay,completed,M,54.0,광주,2026-06-09,생활용품 상품 052,생활용품,88000.0,1.0,88000.0,88000.0,True,True,True,True
9,4,92.0,11,2025-10-12,2025-10,Sunday,kakao_pay,completed,F,25.0,광주,2025-01-04,뷰티 상품 011,뷰티,58000.0,2.0,58000.0,116000.0,True,True,True,True
10,5,6.0,65,2026-04-17,2026-04,Friday,bank_transfer,cancelled,M,27.0,대구,2023-07-21,식품 상품 065,식품,193000.0,5.0,193000.0,965000.0,True,True,True,True
11,6,20.0,97,2025-07-06,2025-07,Sunday,bank_transfer,completed,F,30.0,성남,2025-12-30,패션 상품 097,패션,187000.0,5.0,187000.0,935000.0,True,True,True,True
12,6,20.0,41,2025-07-06,2025-07,Sunday,bank_transfer,completed,F,30.0,성남,2025-12-30,식품 상품 041,식품,119000.0,3.0,119000.0,357000.0,True,True,True,True
13,6,20.0,43,2025-07-06,2025-07,Sunday,bank_transfer,completed,F,30.0,성남,2025-12-30,식품 상품 043,식품,158000.0,5.0,158000.0,790000.0,True,True,True,True
14,7,28.0,46,2025-08-08,2025-08,Friday,kakao_pay,completed,F,37.0,인천,2026-05-31,생활용품 상품 046,생활용품,87000.0,3.0,87000.0,261000.0,True,True,True,True
15,7,28.0,4,2025-08-08,2025-08,Friday,kakao_pay,completed,F,37.0,인천,2026-05-31,패션 상품 004,패션,33000.0,4.0,33000.0,132000.0,True,True,True,True
16,8,99.0,89,2026-02-04,2026-02,Wednesday,naver_pay,cancelled,F,51.0,인천,2024-06-22,전자기기 상품 089,전자기기,178000.0,5.0,178000.0,890000.0,True,True,True,True
18,8,99.0,65,2026-02-04,2026-02,Wednesday,naver_pay,cancelled,F,51.0,인천,2024-06-22,식품 상품 065,식품,193000.0,4.0,193000.0,772000.0,True,True,True,True
19,8,99.0,79,2026-02-04,2026-02,Wednesday,naver_pay,cancelled,F,51.0,인천,2024-06-22,스포츠 상품 079,스포츠,153000.0,1.0,153000.0,153000.0,True,True,True,True
20,9,93.0,70,2026-05-12,2026-05,Tuesday,naver_pay,completed,M,18.0,울산,2025-01-26,도서 상품 070,패션,168000.0,3.0,168000.0,504000.0,True,True,True,True
21,9,93.0,36,2026-05-12,2026-05,Tuesday,naver_pay,completed,M,18.0,울산,2025-01-26,뷰티 상품 036,뷰티,193000.0,5.0,193000.0,965000.0,True,True,True,True
22,9,93.0,73,2026-05-12,2026-05,Tuesday,naver_pay,completed,M,18.0,울산,2025-01-26,,,,1.0,156000.0,156000.0,True,False,True,False
23,9,93.0,42,2026-05-12,2026-05,Tuesday,naver_pay,completed,M,18.0,울산,2025-01-26,뷰티 상품 042,뷰티,71000.0,5.0,71000.0,355000.0,True,True,True,True
24,10,56.0,76,2026-01-22,2026-01,Thursday,naver_pay,completed,F,67.0,서울,2025-02-19,스포츠 상품 076,스포츠,56000.0,3.0,56000.0,168000.0,True,True,True,True
25,11,28.0,65,2025-10-26,2025-10,Sunday,bank_transfer,completed,F,37.0,인천,2026-05-31,식품 상품 065,식품,193000.0,5.0,193000.0,965000.0,True,True,True,True
26,12,81.0,49,2026-08-05,2026-08,Wednesday,card,completed,F,64.0,광주,2025-01-25,식품 상품 049,식품,171000.0,5.0,171000.0,855000.0,True,True,True,True
27,12,81.0,75,2026-08-05,2026-08,Wednesday,card,completed,F,64.0,광주,2025-01-25,스포츠 상품 075,스포츠,183000.0,2.0,183000.0,366000.0,True,True,True,True
28,12,81.0,72,2026-08-05,2026-08,Wednesday,card,completed,F,64.0,광주,2025-01-25,식품 상품 072,식품,195000.0,1.0,195000.0,195000.0,True,True,True,True
29,13,135.0,22,2026-08-08,2026-08,Saturday,bank_transfer,completed,M,41.0,광주,2025-11-30,식품 상품 022,식품,181000.0,2.0,181000.0,362000.0,True,True,True,True
30,13,135.0,68,2026-08-08,2026-08,Saturday,bank_transfer,completed,M,41.0,광주,2025-11-30,전자기기 상품 068,전자기기,149000.0,3.0,149000.0,447000.0,True,True,True,True
31,14,135.0,65,2026-04-07,2026-04,Tuesday,card,refunded,M,41.0,광주,2025-11-30,식품 상품 065,식품,193000.0,3.0,193000.0,579000.0,True,True,True,True
32,14,135.0,48,2026-04-07,2026-04,Tuesday,card,refunded,M,41.0,광주,2025-11-30,,,,1.0,25000.0,25000.0,True,False,True,False
33,15,126.0,63,2025-07-02,2025-07,Wednesday,kakao_pay,cancelled,F,53.0,고양,2025-12-03,스포츠 상품 063,스포츠,141000.0,5.0,141000.0,705000.0,True,True,True,True
34,16,43.0,5,2025-09-08,2025-09,Monday,card,completed,M,39.0,부산,2025-11-16,스포츠 상품 005,스포츠,73000.0,4.0,73000.0,292000.0,True,True,True,True
35,16,43.0,70,2025-09-08,2025-09,Monday,card,completed,M,39.0,부산,2025-11-16,도서 상품 070,패션,168000.0,3.0,168000.0,504000.0,True,True,True,True
36,16,43.0,96,2025-09-08,2025-09,Monday,card,completed,M,39.0,부산,2025-11-16,패션 상품 096,패션,96000.0,3.0,96000.0,288000.0,True,True,True,True
37,16,43.0,28,2025-09-08,2025-09,Monday,card,completed,M,39.0,부산,2025-11-16,생활용품 상품 028,생활용품,147000.0,5.0,147000.0,735000.0,True,True,True,True
38,17,91.0,40,2025-11-17,2025-11,Monday,naver_pay,cancelled,M,59.0,광주,2023-11-13,도서 상품 040,도서,182000.0,3.0,182000.0,546000.0,True,True,True,True
39,17,91.0,86,2025-11-17,2025-11,Monday,naver_pay,cancelled,M,59.0,광주,2023-11-13,전자기기 상품 086,전자기기,145000.0,1.0,145000.0,145000.0,True,True,True,True
40,18,100.0,23,2026-05-27,2026-05,Wednesday,kakao_pay,completed,M,57.0,광주,2025-07-03,패션 상품 023,패션,197000.0,2.0,197000.0,394000.0,True,True,True,True
41,19,3.0,21,2026-02-02,2026-02,Monday,naver_pay,completed,F,34.0,서울,2025-01-22,스포츠 상품 021,스포츠,11000.0,2.0,11000.0,22000.0,True,True,True,True
42,20,34.0,77,2025-12-30,2025-12,Tuesday,naver_pay,cancelled,M,54.0,광주,2026-06-09,패션 상품 077,패션,111000.0,5.0,111000.0,555000.0,True,True,True,True
43,20,34.0,25,2025-12-30,2025-12,Tuesday,naver_pay,cancelled,M,54.0,광주,2026-06-09,생활용품 상품 025,생활용품,52000.0,3.0,52000.0,156000.0,True,True,True,True
44,20,34.0,55,2025-12-30,2025-12,Tuesday,naver_pay,cancelled,M,54.0,광주,2026-06-09,뷰티 상품 055,뷰티,52000.0,2.0,52000.0,104000.0,True,True,True,True
45,21,129.0,33,2026-02-13,2026-02,Friday,bank_transfer,completed,M,52.0,인천,2024-01-03,뷰티 상품 033,뷰티,44000.0,2.0,44000.0,88000.0,True,True,True,True
46,22,127.0,38,2025-08-05,2025-08,Tuesday,bank_transfer,cancelled,F,49.0,부산,2025-11-10,뷰티 상품 038,뷰티,25000.0,2.0,25000.0,50000.0,True,True,True,True
47,23,93.0,70,2025-08-06,2025-08,Wednesday,bank_transfer,completed,M,18.0,울산,2025-01-26,도서 상품 070,패션,168000.0,4.0,168000.0,672000.0,True,True,True,True
48,23,93.0,84,2025-08-06,2025-08,Wednesday,bank_transfer,completed,M,18.0,울산,2025-01-26,식품 상품 084,식품,42000.0,1.0,42000.0,42000.0,True,True,True,True
49,24,20.0,3,2025-11-30,2025-11,Sunday,bank_transfer,completed,F,30.0,성남,2025-12-30,뷰티 상품 003,전자기기,48000.0,1.0,48000.0,48000.0,True,True,True,True
50,24,20.0,10,2025-11-30,2025-11,Sunday,bank_transfer,completed,F,30.0,성남,2025-12-30,뷰티 상품 010,뷰티,169000.0,1.0,169000.0,169000.0,True,True,True,True
51,25,28.0,59,2025-08-21,2025-08,Thursday,card,completed,F,37.0,인천,2026-05-31,스포츠 상품 059,스포츠,5000.0,3.0,5000.0,15000.0,True,True,True,True
52,25,28.0,45,2025-08-21,2025-08,Thursday,card,completed,F,37.0,인천,2026-05-31,전자기기 상품 045,전자기기,97000.0,2.0,97000.0,194000.0,True,True,True,True
53,25,28.0,70,2025-08-21,2025-08,Thursday,card,completed,F,37.0,인천,2026-05-31,도서 상품 070,패션,168000.0,2.0,168000.0,336000.0,True,True,True,True
54,25,28.0,4,2025-08-21,2025-08,Thursday,card,completed,F,37.0,인천,2026-05-31,패션 상품 004,패션,33000.0,3.0,33000.0,99000.0,True,True,True,True
55,26,121.0,74,2026-06-09,2026-06,Tuesday,bank_transfer,refunded,F,41.0,광주,2023-12-26,전자기기 상품 074,전자기기,129000.0,2.0,129000.0,258000.0,True,True,True,True
56,26,121.0,65,2026-06-09,2026-06,Tuesday,bank_transfer,refunded,F,41.0,광주,2023-12-26,식품 상품 065,식품,193000.0,2.0,193000.0,386000.0,True,True,True,True
57,26,121.0,66,2026-06-09,2026-06,Tuesday,bank_transfer,refunded,F,41.0,광주,2023-12-26,생활용품 상품 066,생활용품,41000.0,2.0,41000.0,82000.0,True,True,True,True
58,27,96.0,38,2025-08-19,2025-08,Tuesday,kakao_pay,completed,F,36.0,울산,2026-06-20,뷰티 상품 038,뷰티,25000.0,4.0,25000.0,100000.0,True,True,True,True
59,27,96.0,72,2025-08-19,2025-08,Tuesday,kakao_pay,completed,F,36.0,울산,2026-06-20,식품 상품 072,식품,195000.0,1.0,195000.0,195000.0,True,True,True,True
60,28,69.0,53,2025-11-18,2025-11,Tuesday,card,completed,M,59.0,성남,2025-06-06,전자기기 상품 053,전자기기,105000.0,1.0,105000.0,105000.0,True,True,True,True
61,29,121.0,29,2026-03-04,2026-03,Wednesday,card,completed,F,41.0,광주,2023-12-26,생활용품 상품 029,생활용품,31000.0,3.0,31000.0,93000.0,True,True,True,True
62,29,121.0,96,2026-03-04,2026-03,Wednesday,card,completed,F,41.0,광주,2023-12-26,패션 상품 096,패션,96000.0,2.0,96000.0,192000.0,True,True,True,True
63,29,121.0,20,2026-03-04,2026-03,Wednesday,card,completed,F,41.0,광주,2023-12-26,도서 상품 020,도서,79000.0,4.0,79000.0,316000.0,True,True,True,True
64,30,37.0,17,2025-10-29,2025-10,Wednesday,kakao_pay,completed,M,33.0,수원,2024-03-17,생활용품 상품 017,생활용품,76000.0,2.0,76000.0,152000.0,True,True,True,True
65,30,37.0,81,2025-10-29,2025-10,Wednesday,kakao_pay,completed,M,33.0,수원,2024-03-17,도서 상품 081,도서,79000.0,1.0,79000.0,79000.0,True,True,True,True
66,31,73.0,35,2026-07-05,2026-07,Sunday,kakao_pay,refunded,F,47.0,수원,2024-01-17,스포츠 상품 035,스포츠,53000.0,2.0,53000.0,106000.0,True,True,True,True
67,32,27.0,97,2026-05-24,2026-05,Sunday,kakao_pay,completed,F,45.0,부산,2025-11-06,패션 상품 097,패션,187000.0,4.0,187000.0,748000.0,True,True,True,True
68,32,27.0,64,2026-05-24,2026-05,Sunday,kakao_pay,completed,F,45.0,부산,2025-11-06,뷰티 상품 064,뷰티,149000.0,5.0,149000.0,745000.0,True,True,True,True
69,33,43.0,82,2026-04-09,2026-04,Thursday,card,refunded,M,39.0,부산,2025-11-16,패션 상품 082,패션,170000.0,2.0,170000.0,340000.0,True,True,True,True
70,33,43.0,4,2026-04-09,2026-04,Thursday,card,refunded,M,39.0,부산,2025-11-16,패션 상품 004,패션,33000.0,2.0,33000.0,66000.0,True,True,True,True
71,33,43.0,72,2026-04-09,2026-04,Thursday,card,refunded,M,39.0,부산,2025-11-16,식품 상품 072,식품,195000.0,1.0,195000.0,195000.0,True,True,True,True
72,34,122.0,28,2025-12-31,2025-12,Wednesday,card,refunded,F,38.0,대구,2025-05-23,생활용품 상품 028,생활용품,147000.0,4.0,147000.0,588000.0,True,True,True,True
73,35,57.0,53,2026-05-11,2026-05,Monday,bank_transfer,completed,M,53.0,인천,2026-01-03,전자기기 상품 053,전자기기,105000.0,1.0,105000.0,105000.0,True,True,True,True
74,35,57.0,70,2026-05-11,2026-05,Monday,bank_transfer,completed,M,53.0,인천,2026-01-03,도서 상품 070,패션,168000.0,4.0,168000.0,672000.0,True,True,True,True
75,36,12.0,14,2026-03-20,2026-03,Friday,kakao_pay,completed,M,41.0,울산,2026-03-06,식품 상품 014,식품,17000.0,5.0,17000.0,85000.0,True,True,True,True
76,36,12.0,69,2026-03-20,2026-03,Friday,kakao_pay,completed,M,41.0,울산,2026-03-06,식품 상품 069,식품,11000.0,1.0,11000.0,11000.0,True,True,True,True
77,36,12.0,18,2026-03-20,2026-03,Friday,kakao_pay,completed,M,41.0,울산,2026-03-06,,,,1.0,140000.0,140000.0,True,False,True,False
78,36,12.0,50,2026-03-20,2026-03,Friday,kakao_pay,completed,M,41.0,울산,2026-03-06,도서 상품 050,도서,103000.0,5.0,103000.0,515000.0,True,True,True,True
79,37,56.0,26,2025-07-10,2025-07,Thursday,kakao_pay,completed,F,67.0,서울,2025-02-19,뷰티 상품 026,뷰티,79000.0,1.0,79000.0,79000.0,True,True,True,True
80,37,56.0,1,2025-07-10,2025-07,Thursday,kakao_pay,completed,F,67.0,서울,2025-02-19,도서 상품 001,도서,61000.0,3.0,61000.0,183000.0,True,True,True,True
81,37,56.0,61,2025-07-10,2025-07,Thursday,kakao_pay,completed,F,67.0,서울,2025-02-19,패션 상품 061,패션,28000.0,5.0,28000.0,140000.0,True,True,True,True
82,38,2.0,1,2026-03-21,2026-03,Saturday,bank_transfer,completed,M,63.0,대구,2023-09-20,도서 상품 001,도서,61000.0,4.0,61000.0,244000.0,True,True,True,True
83,39,99.0,67,2025-11-29,2025-11,Saturday,naver_pay,completed,F,51.0,인천,2024-06-22,도서 상품 067,도서,145000.0,1.0,145000.0,145000.0,True,True,True,True
84,39,99.0,68,2025-11-29,2025-11,Saturday,naver_pay,completed,F,51.0,인천,2024-06-22,전자기기 상품 068,전자기기,149000.0,3.0,149000.0,447000.0,True,True,True,True
85,40,24.0,53,2026-03-25,2026-03,Wednesday,card,completed,F,41.0,대구,2024-11-06,전자기기 상품 053,전자기기,105000.0,2.0,105000.0,210000.0,True,True,True,True
86,40,24.0,25,2026-03-25,2026-03,Wednesday,card,completed,F,41.0,대구,2024-11-06,생활용품 상품 025,생활용품,52000.0,1.0,52000.0,52000.0,True,True,True,True
87,40,24.0,10,2026-03-25,2026-03,Wednesday,card,completed,F,41.0,대구,2024-11-06,뷰티 상품 010,뷰티,169000.0,4.0,169000.0,676000.0,True,True,True,True
88,40,24.0,4,2026-03-25,2026-03,Wednesday,card,completed,F,41.0,대구,2024-11-06,패션 상품 004,패션,33000.0,5.0,33000.0,165000.0,True,True,True,True
89,41,107.0,92,2026-01-08,2026-01,Thursday,kakao_pay,cancelled,M,55.0,울산,2026-02-22,식품 상품 092,식품,74000.0,4.0,74000.0,296000.0,True,True,True,True
90,41,107.0,48,2026-01-08,2026-01,Thursday,kakao_pay,cancelled,M,55.0,울산,2026-02-22,,,,5.0,25000.0,125000.0,True,False,True,False
92,42,55.0,96,2026-03-02,2026-03,Monday,card,completed,M,61.0,부산,2024-11-20,패션 상품 096,패션,96000.0,1.0,96000.0,96000.0,True,True,True,True
93,43,40.0,40,2026-02-21,2026-02,Saturday,kakao_pay,completed,F,21.0,광주,2025-11-04,도서 상품 040,도서,182000.0,1.0,182000.0,182000.0,True,True,True,True
94,43,40.0,66,2026-02-21,2026-02,Saturday,kakao_pay,completed,F,21.0,광주,2025-11-04,생활용품 상품 066,생활용품,41000.0,3.0,41000.0,123000.0,True,True,True,True
95,43,40.0,54,2026-02-21,2026-02,Saturday,kakao_pay,completed,F,21.0,광주,2025-11-04,전자기기 상품 054,전자기기,152000.0,4.0,152000.0,608000.0,True,True,True,True
96,43,40.0,99,2026-02-21,2026-02,Saturday,kakao_pay,completed,F,21.0,광주,2025-11-04,뷰티 상품 099,뷰티,9999999.0,1.0,187000.0,187000.0,True,True,True,True
97,44,128.0,7,2026-08-01,2026-08,Saturday,bank_transfer,refunded,M,23.0,울산,2025-08-14,전자기기 상품 007,전자기기,161000.0,3.0,161000.0,483000.0,True,True,True,True
98,44,128.0,91,2026-08-01,2026-08,Saturday,bank_transfer,refunded,M,23.0,울산,2025-08-14,전자기기 상품 091,전자기기,125000.0,5.0,125000.0,625000.0,True,True,True,True
99,44,128.0,48,2026-08-01,2026-08,Saturday,bank_transfer,refunded,M,23.0,울산,2025-08-14,,,,4.0,25000.0,100000.0,True,False,True,False
100,45,126.0,76,2025-11-14,2025-11,Friday,bank_transfer,completed,F,53.0,고양,2025-12-03,스포츠 상품 076,스포츠,56000.0,3.0,56000.0,168000.0,True,True,True,True
101,46,47.0,52,2025-10-09,2025-10,Thursday,naver_pay,completed,F,67.0,수원,2025-01-31,생활용품 상품 052,생활용품,88000.0,3.0,88000.0,264000.0,True,True,True,True
102,46,47.0,32,2025-10-09,2025-10,Thursday,naver_pay,completed,F,67.0,수원,2025-01-31,식품 상품 032,식품,140000.0,5.0,140000.0,700000.0,True,True,True,True
103,46,47.0,19,2025-10-09,2025-10,Thursday,naver_pay,completed,F,67.0,수원,2025-01-31,도서 상품 019,도서,127000.0,4.0,127000.0,508000.0,True,True,True,True
104,47,140.0,14,2026-06-04,2026-06,Thursday,bank_transfer,completed,M,68.0,광주,2025-09-04,식품 상품 014,식품,17000.0,2.0,17000.0,34000.0,True,True,True,True
105,47,140.0,39,2026-06-04,2026-06,Thursday,bank_transfer,completed,M,68.0,광주,2025-09-04,뷰티 상품 039,뷰티,172000.0,5.0,172000.0,860000.0,True,True,True,True
106,47,140.0,48,2026-06-04,2026-06,Thursday,bank_transfer,completed,M,68.0,광주,2025-09-04,,,,3.0,25000.0,75000.0,True,False,True,False
107,48,127.0,83,2026-04-05,2026-04,Sunday,naver_pay,completed,F,49.0,부산,2025-11-10,도서 상품 083,도서,74000.0,4.0,74000.0,296000.0,True,True,True,True
108,48,127.0,8,2026-04-05,2026-04,Sunday,naver_pay,completed,F,49.0,부산,2025-11-10,뷰티 상품 008,뷰티,18000.0,1.0,18000.0,18000.0,True,True,True,True
109,49,54.0,36,2026-06-02,2026-06,Tuesday,kakao_pay,refunded,F,39.0,대구,2023-10-31,뷰티 상품 036,뷰티,193000.0,1.0,193000.0,193000.0,True,True,True,True
110,49,54.0,31,2026-06-02,2026-06,Tuesday,kakao_pay,refunded,F,39.0,대구,2023-10-31,패션 상품 031,패션,155000.0,1.0,155000.0,155000.0,True,True,True,True
111,50,104.0,86,2026-08-14,2026-08,Friday,card,completed,F,38.0,서울,2025-08-31,전자기기 상품 086,전자기기,145000.0,5.0,145000.0,725000.0,True,True,True,True
112,50,104.0,20,2026-08-14,2026-08,Friday,card,completed,F,38.0,서울,2025-08-31,도서 상품 020,도서,79000.0,5.0,79000.0,395000.0,True,True,True,True
113,50,104.0,56,2026-08-14,2026-08,Friday,card,completed,F,38.0,서울,2025-08-31,생활용품 상품 056,생활 용품,124000.0,3.0,124000.0,372000.0,True,True,True,True
114,50,104.0,30,2026-08-14,2026-08,Friday,card,completed,F,38.0,서울,2025-08-31,도서 상품 030,도서,149000.0,4.0,149000.0,596000.0,True,True,True,True
115,51,12.0,94,2025-10-27,2025-10,Monday,naver_pay,completed,M,41.0,울산,2026-03-06,패션 상품 094,패션,85000.0,4.0,85000.0,340000.0,True,True,True,True
116,51,12.0,85,2025-10-27,2025-10,Monday,naver_pay,completed,M,41.0,울산,2026-03-06,전자기기 상품 085,전자기기,38000.0,4.0,38000.0,152000.0,True,True,True,True
117,51,12.0,65,2025-10-27,2025-10,Monday,naver_pay,completed,M,41.0,울산,2026-03-06,식품 상품 065,식품,193000.0,5.0,193000.0,965000.0,True,True,True,True
118,52,120.0,44,2026-06-22,2026-06,Monday,kakao_pay,completed,F,41.0,부산,2024-04-15,스포츠 상품 044,생활용품,29000.0,3.0,29000.0,87000.0,True,True,True,True
119,53,41.0,24,2026-03-13,2026-03,Friday,bank_transfer,cancelled,M,41.0,Unknown,2023-10-20,패션 상품 024,패션,42000.0,5.0,42000.0,210000.0,True,True,True,True
120,54,115.0,45,2026-08-21,2026-08,Friday,kakao_pay,completed,F,47.0,수원,2025-12-24,전자기기 상품 045,전자기기,97000.0,2.0,97000.0,194000.0,True,True,True,True
121,54,115.0,8,2026-08-21,2026-08,Friday,kakao_pay,completed,F,47.0,수원,2025-12-24,뷰티 상품 008,뷰티,18000.0,2.0,18000.0,36000.0,True,True,True,True
122,54,115.0,19,2026-08-21,2026-08,Friday,kakao_pay,completed,F,47.0,수원,2025-12-24,도서 상품 019,도서,127000.0,5.0,127000.0,635000.0,True,True,True,True
123,55,82.0,61,2025-12-29,2025-12,Monday,kakao_pay,completed,M,56.0,수원,2025-11-22,패션 상품 061,패션,28000.0,4.0,28000.0,112000.0,True,True,True,True
124,55,82.0,65,2025-12-29,2025-12,Monday,kakao_pay,completed,M,56.0,수원,2025-11-22,식품 상품 065,식품,193000.0,3.0,193000.0,579000.0,True,True,True,True
125,55,82.0,32,2025-12-29,2025-12,Monday,kakao_pay,completed,M,56.0,수원,2025-11-22,식품 상품 032,식품,140000.0,1.0,140000.0,140000.0,True,True,True,True
126,56,78.0,53,2025-09-07,2025-09,Sunday,card,refunded,M,47.0,부산,2025-09-08,전자기기 상품 053,전자기기,105000.0,2.0,105000.0,210000.0,True,True,True,True
127,56,78.0,30,2025-09-07,2025-09,Sunday,card,refunded,M,47.0,부산,2025-09-08,도서 상품 030,도서,149000.0,1.0,149000.0,149000.0,True,True,True,True
128,56,78.0,72,2025-09-07,2025-09,Sunday,card,refunded,M,47.0,부산,2025-09-08,식품 상품 072,식품,195000.0,4.0,195000.0,780000.0,True,True,True,True
129,56,78.0,20,2025-09-07,2025-09,Sunday,card,refunded,M,47.0,부산,2025-09-08,도서 상품 020,도서,79000.0,5.0,79000.0,395000.0,True,True,True,True
130,57,142.0,48,2025-07-01,2025-07,Tuesday,kakao_pay,refunded,F,41.0,인천,2023-11-09,,,,3.0,25000.0,75000.0,True,False,True,False
131,57,142.0,39,2025-07-01,2025-07,Tuesday,kakao_pay,refunded,F,41.0,인천,2023-11-09,뷰티 상품 039,뷰티,172000.0,3.0,172000.0,516000.0,True,True,True,True
132,57,142.0,60,2025-07-01,2025-07,Tuesday,kakao_pay,refunded,F,41.0,인천,2023-11-09,뷰티 상품 060,뷰티,26000.0,5.0,26000.0,130000.0,True,True,True,True
133,58,126.0,78,2025-07-02,2025-07,Wednesday,kakao_pay,cancelled,F,53.0,고양,2025-12-03,스포츠 상품 078,뷰 티,54000.0,1.0,54000.0,54000.0,True,True,True,True
134,58,126.0,69,2025-07-02,2025-07,Wednesday,kakao_pay,cancelled,F,53.0,고양,2025-12-03,식품 상품 069,식품,11000.0,1.0,11000.0,11000.0,True,True,True,True
135,58,126.0,82,2025-07-02,2025-07,Wednesday,kakao_pay,cancelled,F,53.0,고양,2025-12-03,패션 상품 082,패션,170000.0,3.0,170000.0,510000.0,True,True,True,True
136,58,126.0,52,2025-07-02,2025-07,Wednesday,kakao_pay,cancelled,F,53.0,고양,2025-12-03,생활용품 상품 052,생활용품,88000.0,2.0,88000.0,176000.0,True,True,True,True
137,59,38.0,41,2026-03-25,2026-03,Wednesday,naver_pay,completed,M,62.0,성남,2025-04-09,식품 상품 041,식품,119000.0,2.0,119000.0,238000.0,True,True,True,True
138,60,114.0,97,2025-10-05,2025-10,Sunday,kakao_pay,completed,F,35.0,대구,2026-02-16,패션 상품 097,패션,187000.0,4.0,187000.0,748000.0,True,True,True,True
139,60,114.0,53,2025-10-05,2025-10,Sunday,kakao_pay,completed,F,35.0,대구,2026-02-16,전자기기 상품 053,전자기기,105000.0,4.0,105000.0,420000.0,True,True,True,True
140,61,23.0,34,2026-05-27,2026-05,Wednesday,bank_transfer,completed,F,66.0,부산,2024-03-20,뷰티 상품 034,뷰티,110000.0,2.0,110000.0,220000.0,True,True,True,True
141,61,23.0,12,2026-05-27,2026-05,Wednesday,bank_transfer,completed,F,66.0,부산,2024-03-20,스포츠 상품 012,스포츠,91000.0,4.0,91000.0,364000.0,True,True,True,True
142,61,23.0,84,2026-05-27,2026-05,Wednesday,bank_transfer,completed,F,66.0,부산,2024-03-20,식품 상품 084,식품,42000.0,1.0,42000.0,42000.0,True,True,True,True
143,62,105.0,22,2026-04-16,2026-04,Thursday,card,completed,F,24.0,광주,2025-09-13,식품 상품 022,식품,181000.0,1.0,181000.0,181000.0,True,True,True,True
144,62,105.0,78,2026-04-16,2026-04,Thursday,card,completed,F,24.0,광주,2025-09-13,스포츠 상품 078,뷰 티,54000.0,2.0,54000.0,108000.0,True,True,True,True
145,62,105.0,78,2026-04-16,2026-04,Thursday,card,completed,F,24.0,광주,2025-09-13,스포츠 상품 078,뷰 티,54000.0,3.0,54000.0,162000.0,True,True,True,True
146,62,105.0,42,2026-04-16,2026-04,Thursday,card,completed,F,24.0,광주,2025-09-13,뷰티 상품 042,뷰티,71000.0,1.0,71000.0,71000.0,True,True,True,True
147,63,150.0,87,2026-06-08,2026-06,Monday,bank_transfer,completed,F,37.0,수원,2024-03-19,패션 상품 087,패션,93000.0,5.0,93000.0,465000.0,True,True,True,True
148,63,150.0,2,2026-06-08,2026-06,Monday,bank_transfer,completed,F,37.0,수원,2024-03-19,전자기기 상품 002,전자기기,154000.0,4.0,154000.0,616000.0,True,True,True,True
149,64,73.0,26,2025-07-07,2025-07,Monday,bank_transfer,cancelled,F,47.0,수원,2024-01-17,뷰티 상품 026,뷰티,79000.0,1.0,79000.0,79000.0,True,True,True,True
150,9991,,89,,,,,,,,,,전자기기 상품 089,전자기기,178000.0,5.0,178000.0,890000.0,False,True,False,False
151,65,106.0,17,2025-12-18,2025-12,Thursday,kakao_pay,completed,F,63.0,고양,2023-08-05,생활용품 상품 017,생활용품,76000.0,3.0,76000.0,228000.0,True,True,True,True
152,65,106.0,92,2025-12-18,2025-12,Thursday,kakao_pay,completed,F,63.0,고양,2023-08-05,식품 상품 092,식품,74000.0,1.0,74000.0,74000.0,True,True,True,True
153,65,106.0,58,2025-12-18,2025-12,Thursday,kakao_pay,completed,F,63.0,고양,2023-08-05,식품 상품 058,식품,55000.0,5.0,55000.0,275000.0,True,True,True,True
154,66,95.0,79,2025-11-17,2025-11,Monday,kakao_pay,cancelled,M,49.0,인천,2023-10-20,스포츠 상품 079,스포츠,153000.0,4.0,153000.0,612000.0,True,True,True,True
155,66,95.0,44,2025-11-17,2025-11,Monday,kakao_pay,cancelled,M,49.0,인천,2023-10-20,스포츠 상품 044,생활용품,29000.0,2.0,29000.0,58000.0,True,True,True,True
156,67,148.0,4,2026-03-20,2026-03,Friday,kakao_pay,cancelled,F,56.0,서울,2026-04-10,패션 상품 004,패션,33000.0,4.0,33000.0,132000.0,True,True,True,True
157,67,148.0,83,2026-03-20,2026-03,Friday,kakao_pay,cancelled,F,56.0,서울,2026-04-10,도서 상품 083,도서,74000.0,2.0,74000.0,148000.0,True,True,True,True
158,67,148.0,61,2026-03-20,2026-03,Friday,kakao_pay,cancelled,F,56.0,서울,2026-04-10,패션 상품 061,패션,28000.0,3.0,28000.0,84000.0,True,True,True,True
159,67,148.0,12,2026-03-20,2026-03,Friday,kakao_pay,cancelled,F,56.0,서울,2026-04-10,스포츠 상품 012,스포츠,91000.0,2.0,91000.0,182000.0,True,True,True,True
160,68,138.0,75,2026-04-01,2026-04,Wednesday,bank_transfer,completed,F,58.0,서울,2023-12-02,스포츠 상품 075,스포츠,183000.0,2.0,183000.0,366000.0,True,True,True,True
161,69,120.0,1,2026-08-02,2026-08,Sunday,kakao_pay,cancelled,F,41.0,부산,2024-04-15,도서 상품 001,도서,61000.0,2.0,61000.0,122000.0,True,True,True,True
162,69,120.0,17,2026-08-02,2026-08,Sunday,kakao_pay,cancelled,F,41.0,부산,2024-04-15,생활용품 상품 017,생활용품,76000.0,2.0,76000.0,152000.0,True,True,True,True
163,70,34.0,88,2025-12-31,2025-12,Wednesday,bank_transfer,completed,M,54.0,광주,2026-06-09,식품 상품 088,식품,176000.0,4.0,176000.0,704000.0,True,True,True,True
164,71,112.0,53,2026-08-05,2026-08,Wednesday,kakao_pay,completed,F,40.0,인천,2023-08-13,전자기기 상품 053,전자기기,105000.0,2.0,105000.0,210000.0,True,True,True,True
165,71,112.0,21,2026-08-05,2026-08,Wednesday,kakao_pay,completed,F,40.0,인천,2023-08-13,스포츠 상품 021,스포츠,11000.0,4.0,11000.0,44000.0,True,True,True,True
166,71,112.0,82,2026-08-05,2026-08,Wednesday,kakao_pay,completed,F,40.0,인천,2023-08-13,패션 상품 082,패션,170000.0,4.0,170000.0,680000.0,True,True,True,True
167,72,125.0,92,,,,kakao_pay,completed,F,28.0,부산,2023-10-19,식품 상품 092,식품,74000.0,3.0,74000.0,222000.0,True,True,True,True
168,72,125.0,74,,,,kakao_pay,completed,F,28.0,부산,2023-10-19,전자기기 상품 074,전자기기,129000.0,5.0,129000.0,645000.0,True,True,True,True
169,73,30.0,27,2025-12-20,2025-12,Saturday,naver_pay,cancelled,M,63.0,울산,2026-07-15,뷰티 상품 027,전자 기기,21000.0,3.0,21000.0,63000.0,True,True,True,True
170,73,30.0,52,2025-12-20,2025-12,Saturday,naver_pay,cancelled,M,63.0,울산,2026-07-15,생활용품 상품 052,생활용품,88000.0,4.0,88000.0,352000.0,True,True,True,True
171,73,30.0,91,2025-12-20,2025-12,Saturday,naver_pay,cancelled,M,63.0,울산,2026-07-15,전자기기 상품 091,전자기기,125000.0,1.0,125000.0,125000.0,True,True,True,True
172,73,30.0,55,2025-12-20,2025-12,Saturday,naver_pay,cancelled,M,63.0,울산,2026-07-15,뷰티 상품 055,뷰티,52000.0,4.0,52000.0,208000.0,True,True,True,True
173,74,110.0,27,2026-04-12,2026-04,Sunday,card,refunded,F,45.0,성남,2025-04-05,뷰티 상품 027,전자 기기,21000.0,3.0,21000.0,63000.0,True,True,True,True
174,74,110.0,49,2026-04-12,2026-04,Sunday,card,refunded,F,45.0,성남,2025-04-05,식품 상품 049,식품,171000.0,3.0,171000.0,513000.0,True,True,True,True
175,74,110.0,2,2026-04-12,2026-04,Sunday,card,refunded,F,45.0,성남,2025-04-05,전자기기 상품 002,전자기기,154000.0,3.0,154000.0,462000.0,True,True,True,True
176,75,3.0,44,2026-04-08,2026-04,Wednesday,naver_pay,refunded,F,34.0,서울,2025-01-22,스포츠 상품 044,생활용품,29000.0,4.0,29000.0,116000.0,True,True,True,True
177,75,3.0,44,2026-04-08,2026-04,Wednesday,naver_pay,refunded,F,34.0,서울,2025-01-22,스포츠 상품 044,생활용품,29000.0,3.0,29000.0,87000.0,True,True,True,True
178,75,3.0,85,2026-04-08,2026-04,Wednesday,naver_pay,refunded,F,34.0,서울,2025-01-22,전자기기 상품 085,전자기기,38000.0,3.0,38000.0,114000.0,True,True,True,True
179,75,3.0,13,2026-04-08,2026-04,Wednesday,naver_pay,refunded,F,34.0,서울,2025-01-22,스포츠 상품 013,스포츠,18000.0,2.0,18000.0,36000.0,True,True,True,True
180,76,46.0,49,2026-02-25,2026-02,Wednesday,kakao_pay,completed,F,62.0,부산,2025-11-02,식품 상품 049,식품,171000.0,4.0,171000.0,684000.0,True,True,True,True
181,76,46.0,75,2026-02-25,2026-02,Wednesday,kakao_pay,completed,F,62.0,부산,2025-11-02,스포츠 상품 075,스포츠,183000.0,5.0,183000.0,915000.0,True,True,True,True
182,76,46.0,9,2026-02-25,2026-02,Wednesday,kakao_pay,completed,F,62.0,부산,2025-11-02,생활용품 상품 009,생활용품,75000.0,3.0,75000.0,225000.0,True,True,True,True
183,76,46.0,41,2026-02-25,2026-02,Wednesday,kakao_pay,completed,F,62.0,부산,2025-11-02,식품 상품 041,식품,119000.0,4.0,119000.0,476000.0,True,True,True,True
184,77,41.0,75,2026-08-29,2026-08,Saturday,card,cancelled,M,41.0,Unknown,2023-10-20,스포츠 상품 075,스포츠,183000.0,2.0,183000.0,366000.0,True,True,True,True
185,77,41.0,35,2026-08-29,2026-08,Saturday,card,cancelled,M,41.0,Unknown,2023-10-20,스포츠 상품 035,스포츠,53000.0,1.0,53000.0,53000.0,True,True,True,True
186,77,41.0,58,2026-08-29,2026-08,Saturday,card,cancelled,M,41.0,Unknown,2023-10-20,식품 상품 058,식품,55000.0,1.0,55000.0,55000.0,True,True,True,True
187,78,127.0,27,2026-07-22,2026-07,Wednesday,naver_pay,refunded,F,49.0,부산,2025-11-10,뷰티 상품 027,전자 기기,21000.0,1.0,21000.0,21000.0,True,True,True,True
188,79,99.0,14,2026-05-22,2026-05,Friday,kakao_pay,completed,F,51.0,인천,2024-06-22,식품 상품 014,식품,17000.0,5.0,17000.0,85000.0,True,True,True,True
189,79,99.0,67,2026-05-22,2026-05,Friday,kakao_pay,completed,F,51.0,인천,2024-06-22,도서 상품 067,도서,145000.0,4.0,145000.0,580000.0,True,True,True,True
190,79,99.0,14,2026-05-22,2026-05,Friday,kakao_pay,completed,F,51.0,인천,2024-06-22,식품 상품 014,식품,17000.0,5.0,17000.0,85000.0,True,True,True,True
191,79,99.0,7,2026-05-22,2026-05,Friday,kakao_pay,completed,F,51.0,인천,2024-06-22,전자기기 상품 007,전자기기,161000.0,3.0,161000.0,483000.0,True,True,True,True
192,80,9.0,60,2026-01-15,2026-01,Thursday,bank_transfer,cancelled,M,65.0,울산,2025-01-13,뷰티 상품 060,뷰티,26000.0,4.0,26000.0,104000.0,True,True,True,True
193,80,9.0,74,2026-01-15,2026-01,Thursday,bank_transfer,cancelled,M,65.0,울산,2025-01-13,전자기기 상품 074,전자기기,129000.0,1.0,129000.0,129000.0,True,True,True,True
194,80,9.0,22,2026-01-15,2026-01,Thursday,bank_transfer,cancelled,M,65.0,울산,2025-01-13,식품 상품 022,식품,181000.0,1.0,181000.0,181000.0,True,True,True,True
195,80,9.0,41,2026-01-15,2026-01,Thursday,bank_transfer,cancelled,M,65.0,울산,2025-01-13,식품 상품 041,식품,119000.0,5.0,119000.0,595000.0,True,True,True,True
196,81,78.0,44,2025-11-17,2025-11,Monday,naver_pay,cancelled,M,47.0,부산,2025-09-08,스포츠 상품 044,생활용품,29000.0,1.0,29000.0,29000.0,True,True,True,True
197,81,78.0,64,2025-11-17,2025-11,Monday,naver_pay,cancelled,M,47.0,부산,2025-09-08,뷰티 상품 064,뷰티,149000.0,1.0,149000.0,149000.0,True,True,True,True
198,81,78.0,21,2025-11-17,2025-11,Monday,naver_pay,cancelled,M,47.0,부산,2025-09-08,스포츠 상품 021,스포츠,11000.0,4.0,11000.0,44000.0,True,True,True,True
199,81,78.0,15,2025-11-17,2025-11,Monday,naver_pay,cancelled,M,47.0,부산,2025-09-08,패션 상품 015,패션,75000.0,3.0,75000.0,225000.0,True,True,True,True
200,82,51.0,76,2026-01-22,2026-01,Thursday,bank_transfer,completed,M,25.0,부산,2025-07-05,스포츠 상품 076,스포츠,56000.0,2.0,56000.0,112000.0,True,True,True,True
201,82,51.0,29,2026-01-22,2026-01,Thursday,bank_transfer,completed,M,25.0,부산,2025-07-05,생활용품 상품 029,생활용품,31000.0,4.0,31000.0,124000.0,True,True,True,True
202,82,51.0,41,2026-01-22,2026-01,Thursday,bank_transfer,completed,M,25.0,부산,2025-07-05,식품 상품 041,식품,119000.0,3.0,119000.0,357000.0,True,True,True,True
203,82,51.0,94,2026-01-22,2026-01,Thursday,bank_transfer,completed,M,25.0,부산,2025-07-05,패션 상품 094,패션,85000.0,3.0,85000.0,255000.0,True,True,True,True
204,83,95.0,84,2025-07-29,2025-07,Tuesday,card,cancelled,M,49.0,인천,2023-10-20,식품 상품 084,식품,42000.0,1.0,42000.0,42000.0,True,True,True,True
206,84,69.0,92,2025-07-04,2025-07,Friday,kakao_pay,cancelled,M,59.0,성남,2025-06-06,식품 상품 092,식품,74000.0,5.0,74000.0,370000.0,True,True,True,True
207,84,69.0,80,2025-07-04,2025-07,Friday,kakao_pay,cancelled,M,59.0,성남,2025-06-06,패션 상품 080,패션,187000.0,4.0,187000.0,748000.0,True,True,True,True
208,85,120.0,58,2026-01-13,2026-01,Tuesday,kakao_pay,completed,F,41.0,부산,2024-04-15,식품 상품 058,식품,55000.0,2.0,55000.0,110000.0,True,True,True,True
209,85,120.0,32,2026-01-13,2026-01,Tuesday,kakao_pay,completed,F,41.0,부산,2024-04-15,식품 상품 032,식품,140000.0,4.0,140000.0,560000.0,True,True,True,True
210,85,120.0,97,2026-01-13,2026-01,Tuesday,kakao_pay,completed,F,41.0,부산,2024-04-15,패션 상품 097,패션,187000.0,3.0,187000.0,561000.0,True,True,True,True
211,85,120.0,87,2026-01-13,2026-01,Tuesday,kakao_pay,completed,F,41.0,부산,2024-04-15,패션 상품 087,패션,93000.0,2.0,93000.0,186000.0,True,True,True,True
212,86,14.0,19,2025-10-04,2025-10,Saturday,bank_transfer,completed,F,45.0,대구,2024-01-22,도서 상품 019,도서,127000.0,3.0,127000.0,381000.0,True,True,True,True
213,86,14.0,83,2025-10-04,2025-10,Saturday,bank_transfer,completed,F,45.0,대구,2024-01-22,도서 상품 083,도서,74000.0,2.0,74000.0,148000.0,True,True,True,True
214,86,14.0,95,2025-10-04,2025-10,Saturday,bank_transfer,completed,F,45.0,대구,2024-01-22,,,,1.0,82000.0,82000.0,True,False,True,False
215,87,17.0,40,2026-05-13,2026-05,Wednesday,naver_pay,completed,M,58.0,광주,2023-07-30,도서 상품 040,도서,182000.0,4.0,182000.0,728000.0,True,True,True,True
216,87,17.0,78,2026-05-13,2026-05,Wednesday,naver_pay,completed,M,58.0,광주,2023-07-30,스포츠 상품 078,뷰 티,54000.0,4.0,54000.0,216000.0,True,True,True,True
217,87,17.0,2,2026-05-13,2026-05,Wednesday,naver_pay,completed,M,58.0,광주,2023-07-30,전자기기 상품 002,전자기기,154000.0,3.0,154000.0,462000.0,True,True,True,True
218,88,9.0,59,2025-11-13,2025-11,Thursday,kakao_pay,completed,M,65.0,울산,2025-01-13,스포츠 상품 059,스포츠,5000.0,2.0,5000.0,10000.0,True,True,True,True
219,89,15.0,93,2025-11-12,2025-11,Wednesday,kakao_pay,completed,M,61.0,광주,2025-05-18,식품 상품 093,식품,121000.0,2.0,121000.0,242000.0,True,True,True,True
220,89,15.0,98,2025-11-12,2025-11,Wednesday,kakao_pay,completed,M,61.0,광주,2025-05-18,패션 상품 098,패션,32000.0,4.0,32000.0,128000.0,True,True,True,True
221,89,15.0,5,2025-11-12,2025-11,Wednesday,kakao_pay,completed,M,61.0,광주,2025-05-18,스포츠 상품 005,스포츠,73000.0,4.0,73000.0,292000.0,True,True,True,True
222,90,5.0,30,2026-07-27,2026-07,Monday,card,completed,M,26.0,광주,2024-02-10,도서 상품 030,도서,149000.0,4.0,149000.0,596000.0,True,True,True,True
223,90,5.0,72,2026-07-27,2026-07,Monday,card,completed,M,26.0,광주,2024-02-10,식품 상품 072,식품,195000.0,4.0,195000.0,780000.0,True,True,True,True
224,90,5.0,78,2026-07-27,2026-07,Monday,card,completed,M,26.0,광주,2024-02-10,스포츠 상품 078,뷰 티,54000.0,1.0,54000.0,54000.0,True,True,True,True
225,91,115.0,63,2025-12-05,2025-12,Friday,kakao_pay,refunded,F,47.0,수원,2025-12-24,스포츠 상품 063,스포츠,141000.0,3.0,141000.0,423000.0,True,True,True,True
226,91,115.0,30,2025-12-05,2025-12,Friday,kakao_pay,refunded,F,47.0,수원,2025-12-24,도서 상품 030,도서,149000.0,1.0,149000.0,149000.0,True,True,True,True
227,91,115.0,97,2025-12-05,2025-12,Friday,kakao_pay,refunded,F,47.0,수원,2025-12-24,패션 상품 097,패션,187000.0,1.0,187000.0,187000.0,True,True,True,True
228,91,115.0,42,2025-12-05,2025-12,Friday,kakao_pay,refunded,F,47.0,수원,2025-12-24,뷰티 상품 042,뷰티,71000.0,5.0,71000.0,355000.0,True,True,True,True
229,92,93.0,13,2026-02-03,2026-02,Tuesday,kakao_pay,completed,M,18.0,울산,2025-01-26,스포츠 상품 013,스포츠,18000.0,4.0,18000.0,72000.0,True,True,True,True
230,92,93.0,87,2026-02-03,2026-02,Tuesday,kakao_pay,completed,M,18.0,울산,2025-01-26,패션 상품 087,패션,93000.0,4.0,93000.0,372000.0,True,True,True,True
231,93,79.0,74,2025-12-12,2025-12,Friday,card,refunded,F,55.0,부산,2024-09-28,전자기기 상품 074,전자기기,129000.0,5.0,129000.0,645000.0,True,True,True,True
232,93,79.0,65,2025-12-12,2025-12,Friday,card,refunded,F,55.0,부산,2024-09-28,식품 상품 065,식품,193000.0,4.0,193000.0,772000.0,True,True,True,True
233,94,3.0,12,2025-10-10,2025-10,Friday,kakao_pay,completed,F,34.0,서울,2025-01-22,스포츠 상품 012,스포츠,91000.0,2.0,91000.0,182000.0,True,True,True,True
234,94,3.0,82,2025-10-10,2025-10,Friday,kakao_pay,completed,F,34.0,서울,2025-01-22,패션 상품 082,패션,170000.0,5.0,170000.0,850000.0,True,True,True,True
235,94,3.0,58,2025-10-10,2025-10,Friday,kakao_pay,completed,F,34.0,서울,2025-01-22,식품 상품 058,식품,55000.0,3.0,55000.0,165000.0,True,True,True,True
236,95,100.0,89,2026-03-08,2026-03,Sunday,kakao_pay,completed,M,57.0,광주,2025-07-03,전자기기 상품 089,전자기기,178000.0,4.0,178000.0,712000.0,True,True,True,True
237,96,85.0,85,2026-06-21,2026-06,Sunday,card,completed,M,33.0,부산,2023-10-05,전자기기 상품 085,전자기기,38000.0,3.0,38000.0,114000.0,True,True,True,True
238,96,85.0,35,2026-06-21,2026-06,Sunday,card,completed,M,33.0,부산,2023-10-05,스포츠 상품 035,스포츠,53000.0,1.0,53000.0,53000.0,True,True,True,True
239,97,25.0,78,2025-10-20,2025-10,Monday,kakao_pay,refunded,F,35.0,울산,2025-12-11,스포츠 상품 078,뷰 티,54000.0,2.0,54000.0,108000.0,True,True,True,True
240,97,25.0,77,2025-10-20,2025-10,Monday,kakao_pay,refunded,F,35.0,울산,2025-12-11,패션 상품 077,패션,111000.0,1.0,111000.0,111000.0,True,True,True,True
241,97,25.0,64,2025-10-20,2025-10,Monday,kakao_pay,refunded,F,35.0,울산,2025-12-11,뷰티 상품 064,뷰티,149000.0,5.0,149000.0,745000.0,True,True,True,True
242,97,25.0,95,2025-10-20,2025-10,Monday,kakao_pay,refunded,F,35.0,울산,2025-12-11,,,,3.0,82000.0,246000.0,True,False,True,False
243,98,29.0,75,2025-10-10,2025-10,Friday,naver_pay,completed,M,28.0,서울,2024-06-08,스포츠 상품 075,스포츠,183000.0,5.0,183000.0,915000.0,True,True,True,True
244,99,126.0,65,2026-03-26,2026-03,Thursday,kakao_pay,cancelled,F,53.0,고양,2025-12-03,식품 상품 065,식품,193000.0,3.0,193000.0,579000.0,True,True,True,True
245,100,85.0,100,2026-04-30,2026-04,Thursday,bank_transfer,completed,M,33.0,부산,2023-10-05,도서 상품 100,도서,34000.0,5.0,34000.0,170000.0,True,True,True,True
246,100,85.0,74,2026-04-30,2026-04,Thursday,bank_transfer,completed,M,33.0,부산,2023-10-05,전자기기 상품 074,전자기기,129000.0,4.0,129000.0,516000.0,True,True,True,True
247,100,85.0,50,2026-04-30,2026-04,Thursday,bank_transfer,completed,M,33.0,부산,2023-10-05,도서 상품 050,도서,103000.0,1.0,103000.0,103000.0,True,True,True,True
248,100,85.0,13,2026-04-30,2026-04,Thursday,bank_transfer,completed,M,33.0,부산,2023-10-05,스포츠 상품 013,스포츠,18000.0,3.0,18000.0,54000.0,True,True,True,True
249,101,55.0,15,2026-02-18,2026-02,Wednesday,bank_transfer,cancelled,M,61.0,부산,2024-11-20,패션 상품 015,패션,75000.0,3.0,75000.0,225000.0,True,True,True,True
250,101,55.0,41,2026-02-18,2026-02,Wednesday,bank_transfer,cancelled,M,61.0,부산,2024-11-20,식품 상품 041,식품,119000.0,2.0,119000.0,238000.0,True,True,True,True
251,101,55.0,54,2026-02-18,2026-02,Wednesday,bank_transfer,cancelled,M,61.0,부산,2024-11-20,전자기기 상품 054,전자기기,152000.0,4.0,152000.0,608000.0,True,True,True,True
252,102,9.0,25,2026-05-04,2026-05,Monday,kakao_pay,completed,M,65.0,울산,2025-01-13,생활용품 상품 025,생활용품,52000.0,3.0,52000.0,156000.0,True,True,True,True
253,103,32.0,20,2026-07-14,2026-07,Tuesday,bank_transfer,completed,F,25.0,성남,2026-01-31,도서 상품 020,도서,79000.0,4.0,79000.0,316000.0,True,True,True,True
254,103,32.0,80,2026-07-14,2026-07,Tuesday,bank_transfer,completed,F,25.0,성남,2026-01-31,패션 상품 080,패션,187000.0,3.0,187000.0,561000.0,True,True,True,True
255,103,32.0,60,2026-07-14,2026-07,Tuesday,bank_transfer,completed,F,25.0,성남,2026-01-31,뷰티 상품 060,뷰티,26000.0,5.0,26000.0,130000.0,True,True,True,True
256,104,15.0,58,2026-01-14,2026-01,Wednesday,bank_transfer,cancelled,M,61.0,광주,2025-05-18,식품 상품 058,식품,55000.0,2.0,55000.0,110000.0,True,True,True,True
257,104,15.0,63,2026-01-14,2026-01,Wednesday,bank_transfer,cancelled,M,61.0,광주,2025-05-18,스포츠 상품 063,스포츠,141000.0,5.0,141000.0,705000.0,True,True,True,True
258,105,92.0,66,2026-06-07,2026-06,Sunday,naver_pay,completed,F,25.0,광주,2025-01-04,생활용품 상품 066,생활용품,41000.0,5.0,41000.0,205000.0,True,True,True,True
259,105,92.0,83,2026-06-07,2026-06,Sunday,naver_pay,completed,F,25.0,광주,2025-01-04,도서 상품 083,도서,74000.0,2.0,74000.0,148000.0,True,True,True,True
260,105,92.0,9991,2026-06-07,2026-06,Sunday,naver_pay,completed,F,25.0,광주,2025-01-04,,,,1.0,76000.0,76000.0,True,False,True,False
261,105,92.0,4,2026-06-07,2026-06,Sunday,naver_pay,completed,F,25.0,광주,2025-01-04,패션 상품 004,패션,33000.0,3.0,33000.0,99000.0,True,True,True,True
262,106,119.0,58,2026-08-20,2026-08,Thursday,kakao_pay,cancelled,M,20.0,인천,2024-01-26,식품 상품 058,식품,55000.0,3.0,55000.0,165000.0,True,True,True,True
263,107,33.0,72,2025-07-24,2025-07,Thursday,card,completed,F,150.0,고양,2025-09-14,식품 상품 072,식품,195000.0,1.0,195000.0,195000.0,True,True,True,True
264,107,33.0,9,2025-07-24,2025-07,Thursday,card,completed,F,150.0,고양,2025-09-14,생활용품 상품 009,생활용품,75000.0,5.0,75000.0,375000.0,True,True,True,True
265,107,33.0,83,2025-07-24,2025-07,Thursday,card,completed,F,150.0,고양,2025-09-14,도서 상품 083,도서,74000.0,3.0,74000.0,222000.0,True,True,True,True
266,107,33.0,86,2025-07-24,2025-07,Thursday,card,completed,F,150.0,고양,2025-09-14,전자기기 상품 086,전자기기,145000.0,2.0,145000.0,290000.0,True,True,True,True
267,108,14.0,47,2026-08-06,2026-08,Thursday,kakao_pay,completed,F,45.0,대구,2024-01-22,뷰티 상품 047,뷰티,188000.0,2.0,188000.0,376000.0,True,True,True,True
268,108,14.0,67,2026-08-06,2026-08,Thursday,kakao_pay,completed,F,45.0,대구,2024-01-22,도서 상품 067,도서,145000.0,5.0,145000.0,725000.0,True,True,True,True
269,108,14.0,43,2026-08-06,2026-08,Thursday,kakao_pay,completed,F,45.0,대구,2024-01-22,식품 상품 043,식품,158000.0,5.0,158000.0,790000.0,True,True,True,True
270,109,92.0,97,2026-01-13,2026-01,Tuesday,kakao_pay,refunded,F,25.0,광주,2025-01-04,패션 상품 097,패션,187000.0,2.0,187000.0,374000.0,True,True,True,True
271,109,92.0,61,2026-01-13,2026-01,Tuesday,kakao_pay,refunded,F,25.0,광주,2025-01-04,패션 상품 061,패션,28000.0,2.0,28000.0,56000.0,True,True,True,True
272,109,92.0,94,2026-01-13,2026-01,Tuesday,kakao_pay,refunded,F,25.0,광주,2025-01-04,패션 상품 094,패션,85000.0,4.0,85000.0,340000.0,True,True,True,True
273,110,17.0,57,2025-08-21,2025-08,Thursday,kakao_pay,refunded,M,58.0,광주,2023-07-30,도서 상품 057,도서,96000.0,2.0,96000.0,192000.0,True,True,True,True
274,110,17.0,64,2025-08-21,2025-08,Thursday,kakao_pay,refunded,M,58.0,광주,2023-07-30,뷰티 상품 064,뷰티,149000.0,3.0,149000.0,447000.0,True,True,True,True
275,110,17.0,51,2025-08-21,2025-08,Thursday,kakao_pay,refunded,M,58.0,광주,2023-07-30,패션 상품 051,패션,183000.0,1.0,183000.0,183000.0,True,True,True,True
276,110,17.0,50,2025-08-21,2025-08,Thursday,kakao_pay,refunded,M,58.0,광주,2023-07-30,도서 상품 050,도서,103000.0,4.0,103000.0,412000.0,True,True,True,True
278,111,36.0,13,2026-01-29,2026-01,Thursday,naver_pay,completed,M,32.0,고양,2026-01-30,스포츠 상품 013,스포츠,18000.0,1.0,18000.0,18000.0,True,True,True,True
279,111,36.0,75,2026-01-29,2026-01,Thursday,naver_pay,completed,M,32.0,고양,2026-01-30,스포츠 상품 075,스포츠,183000.0,1.0,183000.0,183000.0,True,True,True,True
280,112,137.0,57,2025-11-27,2025-11,Thursday,naver_pay,refunded,F,33.0,서울,2026-02-06,도서 상품 057,도서,96000.0,4.0,96000.0,384000.0,True,True,True,True
281,112,137.0,6,2025-11-27,2025-11,Thursday,naver_pay,refunded,F,33.0,서울,2026-02-06,도서 상품 006,도서,134000.0,3.0,134000.0,402000.0,True,True,True,True
282,112,137.0,5,2025-11-27,2025-11,Thursday,naver_pay,refunded,F,33.0,서울,2026-02-06,스포츠 상품 005,스포츠,73000.0,3.0,73000.0,219000.0,True,True,True,True
283,113,117.0,97,2026-04-21,2026-04,Tuesday,bank_transfer,cancelled,M,21.0,인천,2023-09-08,패션 상품 097,패션,187000.0,2.0,187000.0,374000.0,True,True,True,True
284,113,117.0,31,2026-04-21,2026-04,Tuesday,bank_transfer,cancelled,M,21.0,인천,2023-09-08,패션 상품 031,패션,155000.0,4.0,155000.0,620000.0,True,True,True,True
285,114,140.0,30,2026-02-05,2026-02,Thursday,bank_transfer,refunded,M,68.0,광주,2025-09-04,도서 상품 030,도서,149000.0,1.0,149000.0,149000.0,True,True,True,True
286,114,140.0,39,2026-02-05,2026-02,Thursday,bank_transfer,refunded,M,68.0,광주,2025-09-04,뷰티 상품 039,뷰티,172000.0,1.0,172000.0,172000.0,True,True,True,True
287,115,120.0,62,2025-08-10,2025-08,Sunday,card,completed,F,41.0,부산,2024-04-15,전자기기 상품 062,전자기기,82000.0,4.0,82000.0,328000.0,True,True,True,True
288,116,97.0,54,2025-12-05,2025-12,Friday,kakao_pay,completed,F,41.0,부산,2024-12-26,전자기기 상품 054,전자기기,152000.0,4.0,152000.0,608000.0,True,True,True,True
289,117,145.0,45,2025-11-15,2025-11,Saturday,naver_pay,cancelled,M,32.0,서울,2025-02-15,전자기기 상품 045,전자기기,97000.0,5.0,97000.0,485000.0,True,True,True,True
290,117,145.0,28,2025-11-15,2025-11,Saturday,naver_pay,cancelled,M,32.0,서울,2025-02-15,생활용품 상품 028,생활용품,147000.0,3.0,147000.0,441000.0,True,True,True,True
291,117,145.0,47,2025-11-15,2025-11,Saturday,naver_pay,cancelled,M,32.0,서울,2025-02-15,뷰티 상품 047,뷰티,188000.0,5.0,188000.0,940000.0,True,True,True,True
292,118,67.0,16,2025-10-29,2025-10,Wednesday,kakao_pay,completed,F,21.0,울산,2026-05-06,뷰티 상품 016,뷰티,21000.0,2.0,21000.0,42000.0,True,True,True,True
293,118,67.0,42,2025-10-29,2025-10,Wednesday,kakao_pay,completed,F,21.0,울산,2026-05-06,뷰티 상품 042,뷰티,71000.0,1.0,71000.0,71000.0,True,True,True,True
294,119,22.0,36,2025-08-27,2025-08,Wednesday,card,refunded,F,28.0,부산,2024-06-28,뷰티 상품 036,뷰티,193000.0,5.0,193000.0,965000.0,True,True,True,True
295,119,22.0,59,2025-08-27,2025-08,Wednesday,card,refunded,F,28.0,부산,2024-06-28,스포츠 상품 059,스포츠,5000.0,5.0,5000.0,25000.0,True,True,True,True
296,119,22.0,72,2025-08-27,2025-08,Wednesday,card,refunded,F,28.0,부산,2024-06-28,식품 상품 072,식품,195000.0,4.0,195000.0,780000.0,True,True,True,True
297,119,22.0,9,2025-08-27,2025-08,Wednesday,card,refunded,F,28.0,부산,2024-06-28,생활용품 상품 009,생활용품,75000.0,2.0,75000.0,150000.0,True,True,True,True
298,120,26.0,86,2025-08-21,2025-08,Thursday,naver_pay,refunded,F,68.0,대구,2026-01-03,전자기기 상품 086,전자기기,145000.0,5.0,145000.0,725000.0,True,True,True,True
299,120,26.0,78,2025-08-21,2025-08,Thursday,naver_pay,refunded,F,68.0,대구,2026-01-03,스포츠 상품 078,뷰 티,54000.0,4.0,54000.0,216000.0,True,True,True,True
300,121,95.0,92,2026-08-03,2026-08,Monday,naver_pay,completed,M,49.0,인천,2023-10-20,식품 상품 092,식품,74000.0,4.0,74000.0,296000.0,True,True,True,True
301,121,95.0,93,2026-08-03,2026-08,Monday,naver_pay,completed,M,49.0,인천,2023-10-20,식품 상품 093,식품,121000.0,1.0,121000.0,121000.0,True,True,True,True
302,121,95.0,82,2026-08-03,2026-08,Monday,naver_pay,completed,M,49.0,인천,2023-10-20,패션 상품 082,패션,170000.0,4.0,170000.0,680000.0,True,True,True,True
303,122,86.0,98,2026-02-11,2026-02,Wednesday,card,refunded,F,22.0,부산,2023-12-24,패션 상품 098,패션,32000.0,4.0,32000.0,128000.0,True,True,True,True
304,123,138.0,46,2025-09-13,2025-09,Saturday,kakao_pay,refunded,F,58.0,서울,2023-12-02,생활용품 상품 046,생활용품,87000.0,5.0,87000.0,435000.0,True,True,True,True
305,123,138.0,84,2025-09-13,2025-09,Saturday,kakao_pay,refunded,F,58.0,서울,2023-12-02,식품 상품 084,식품,42000.0,1.0,42000.0,42000.0,True,True,True,True
306,123,138.0,81,2025-09-13,2025-09,Saturday,kakao_pay,refunded,F,58.0,서울,2023-12-02,도서 상품 081,도서,79000.0,4.0,79000.0,316000.0,True,True,True,True
307,124,132.0,12,2025-12-01,2025-12,Monday,card,completed,M,62.0,인천,2025-09-02,스포츠 상품 012,스포츠,91000.0,4.0,91000.0,364000.0,True,True,True,True
308,125,94.0,9,2026-03-11,2026-03,Wednesday,card,cancelled,F,27.0,인천,2024-08-14,생활용품 상품 009,생활용품,75000.0,1.0,75000.0,75000.0,True,True,True,True
309,125,94.0,28,2026-03-11,2026-03,Wednesday,card,cancelled,F,27.0,인천,2024-08-14,생활용품 상품 028,생활용품,147000.0,2.0,147000.0,294000.0,True,True,True,True
310,125,94.0,67,2026-03-11,2026-03,Wednesday,card,cancelled,F,27.0,인천,2024-08-14,도서 상품 067,도서,145000.0,4.0,145000.0,580000.0,True,True,True,True
311,125,94.0,75,2026-03-11,2026-03,Wednesday,card,cancelled,F,27.0,인천,2024-08-14,스포츠 상품 075,스포츠,183000.0,4.0,183000.0,732000.0,True,True,True,True
312,126,9991.0,47,2026-01-13,2026-01,Tuesday,naver_pay,completed,,,,,뷰티 상품 047,뷰티,188000.0,2.0,188000.0,376000.0,True,True,False,False
313,127,26.0,11,2026-05-12,2026-05,Tuesday,naver_pay,completed,F,68.0,대구,2026-01-03,뷰티 상품 011,뷰티,58000.0,5.0,58000.0,290000.0,True,True,True,True
314,127,26.0,56,2026-05-12,2026-05,Tuesday,naver_pay,completed,F,68.0,대구,2026-01-03,생활용품 상품 056,생활 용품,124000.0,4.0,124000.0,496000.0,True,True,True,True
315,128,85.0,19,2026-06-17,2026-06,Wednesday,bank_transfer,completed,M,33.0,부산,2023-10-05,도서 상품 019,도서,127000.0,3.0,127000.0,381000.0,True,True,True,True
316,128,85.0,92,2026-06-17,2026-06,Wednesday,bank_transfer,completed,M,33.0,부산,2023-10-05,식품 상품 092,식품,74000.0,4.0,74000.0,296000.0,True,True,True,True
317,128,85.0,75,2026-06-17,2026-06,Wednesday,bank_transfer,completed,M,33.0,부산,2023-10-05,스포츠 상품 075,스포츠,183000.0,3.0,183000.0,549000.0,True,True,True,True
318,129,90.0,65,2026-07-01,2026-07,Wednesday,card,completed,F,57.0,수원,2024-09-22,식품 상품 065,식품,193000.0,4.0,193000.0,772000.0,True,True,True,True
320,129,90.0,23,2026-07-01,2026-07,Wednesday,card,completed,F,57.0,수원,2024-09-22,패션 상품 023,패션,197000.0,5.0,197000.0,985000.0,True,True,True,True
321,129,90.0,14,2026-07-01,2026-07,Wednesday,card,completed,F,57.0,수원,2024-09-22,식품 상품 014,식품,17000.0,2.0,17000.0,34000.0,True,True,True,True
322,130,79.0,98,2025-08-17,2025-08,Sunday,bank_transfer,completed,F,55.0,부산,2024-09-28,패션 상품 098,패션,32000.0,1.0,32000.0,32000.0,True,True,True,True
323,130,79.0,48,2025-08-17,2025-08,Sunday,bank_transfer,completed,F,55.0,부산,2024-09-28,,,,2.0,25000.0,50000.0,True,False,True,False
324,131,18.0,15,2026-02-12,2026-02,Thursday,kakao_pay,cancelled,M,19.0,대전,2025-08-05,패션 상품 015,패션,75000.0,5.0,75000.0,375000.0,True,True,True,True
325,131,18.0,74,2026-02-12,2026-02,Thursday,kakao_pay,cancelled,M,19.0,대전,2025-08-05,전자기기 상품 074,전자기기,129000.0,3.0,129000.0,387000.0,True,True,True,True
326,131,18.0,38,2026-02-12,2026-02,Thursday,kakao_pay,cancelled,M,19.0,대전,2025-08-05,뷰티 상품 038,뷰티,25000.0,4.0,25000.0,100000.0,True,True,True,True
327,131,18.0,54,2026-02-12,2026-02,Thursday,kakao_pay,cancelled,M,19.0,대전,2025-08-05,전자기기 상품 054,전자기기,152000.0,2.0,152000.0,304000.0,True,True,True,True
328,132,3.0,20,2026-04-14,2026-04,Tuesday,kakao_pay,cancelled,F,34.0,서울,2025-01-22,도서 상품 020,도서,79000.0,3.0,79000.0,237000.0,True,True,True,True
329,132,3.0,74,2026-04-14,2026-04,Tuesday,kakao_pay,cancelled,F,34.0,서울,2025-01-22,전자기기 상품 074,전자기기,129000.0,3.0,129000.0,387000.0,True,True,True,True
330,133,25.0,49,2025-11-21,2025-11,Friday,naver_pay,completed,F,35.0,울산,2025-12-11,식품 상품 049,식품,171000.0,4.0,171000.0,684000.0,True,True,True,True
331,133,25.0,6,2025-11-21,2025-11,Friday,naver_pay,completed,F,35.0,울산,2025-12-11,도서 상품 006,도서,134000.0,2.0,134000.0,268000.0,True,True,True,True
332,133,25.0,78,2025-11-21,2025-11,Friday,naver_pay,completed,F,35.0,울산,2025-12-11,스포츠 상품 078,뷰 티,54000.0,2.0,54000.0,108000.0,True,True,True,True
333,133,25.0,26,2025-11-21,2025-11,Friday,naver_pay,completed,F,35.0,울산,2025-12-11,뷰티 상품 026,뷰티,79000.0,3.0,79000.0,237000.0,True,True,True,True
334,134,55.0,96,2025-11-16,2025-11,Sunday,bank_transfer,completed,M,61.0,부산,2024-11-20,패션 상품 096,패션,96000.0,1.0,96000.0,96000.0,True,True,True,True
335,134,55.0,75,2025-11-16,2025-11,Sunday,bank_transfer,completed,M,61.0,부산,2024-11-20,스포츠 상품 075,스포츠,183000.0,4.0,183000.0,732000.0,True,True,True,True
336,134,55.0,87,2025-11-16,2025-11,Sunday,bank_transfer,completed,M,61.0,부산,2024-11-20,패션 상품 087,패션,93000.0,3.0,93000.0,279000.0,True,True,True,True
337,134,55.0,32,2025-11-16,2025-11,Sunday,bank_transfer,completed,M,61.0,부산,2024-11-20,식품 상품 032,식품,140000.0,1.0,140000.0,140000.0,True,True,True,True
338,135,126.0,88,2026-03-30,2026-03,Monday,card,cancelled,F,53.0,고양,2025-12-03,식품 상품 088,식품,176000.0,4.0,176000.0,704000.0,True,True,True,True
339,136,33.0,86,2026-08-19,2026-08,Wednesday,bank_transfer,completed,F,150.0,고양,2025-09-14,전자기기 상품 086,전자기기,145000.0,3.0,145000.0,435000.0,True,True,True,True
340,136,33.0,20,2026-08-19,2026-08,Wednesday,bank_transfer,completed,F,150.0,고양,2025-09-14,도서 상품 020,도서,79000.0,5.0,79000.0,395000.0,True,True,True,True
341,137,52.0,42,2025-12-09,2025-12,Tuesday,kakao_pay,cancelled,F,64.0,울산,2026-03-14,뷰티 상품 042,뷰티,71000.0,4.0,71000.0,284000.0,True,True,True,True
342,137,52.0,72,2025-12-09,2025-12,Tuesday,kakao_pay,cancelled,F,64.0,울산,2026-03-14,식품 상품 072,식품,195000.0,3.0,195000.0,585000.0,True,True,True,True
343,138,58.0,88,2026-01-21,2026-01,Wednesday,kakao_pay,completed,M,33.0,서울,2026-01-26,식품 상품 088,식품,176000.0,2.0,176000.0,352000.0,True,True,True,True
344,138,58.0,45,2026-01-21,2026-01,Wednesday,kakao_pay,completed,M,33.0,서울,2026-01-26,전자기기 상품 045,전자기기,97000.0,5.0,97000.0,485000.0,True,True,True,True
345,138,58.0,79,2026-01-21,2026-01,Wednesday,kakao_pay,completed,M,33.0,서울,2026-01-26,스포츠 상품 079,스포츠,153000.0,4.0,153000.0,612000.0,True,True,True,True
346,138,58.0,75,2026-01-21,2026-01,Wednesday,kakao_pay,completed,M,33.0,서울,2026-01-26,스포츠 상품 075,스포츠,183000.0,1.0,183000.0,183000.0,True,True,True,True
347,139,59.0,99,2025-08-08,2025-08,Friday,bank_transfer,cancelled,M,47.0,부산,2025-10-07,뷰티 상품 099,뷰티,9999999.0,1.0,187000.0,187000.0,True,True,True,True
348,139,59.0,22,2025-08-08,2025-08,Friday,bank_transfer,cancelled,M,47.0,부산,2025-10-07,식품 상품 022,식품,181000.0,4.0,181000.0,724000.0,True,True,True,True
349,139,59.0,2,2025-08-08,2025-08,Friday,bank_transfer,cancelled,M,47.0,부산,2025-10-07,전자기기 상품 002,전자기기,154000.0,3.0,154000.0,462000.0,True,True,True,True
350,139,59.0,16,2025-08-08,2025-08,Friday,bank_transfer,cancelled,M,47.0,부산,2025-10-07,뷰티 상품 016,뷰티,21000.0,3.0,21000.0,63000.0,True,True,True,True
351,140,75.0,87,2025-08-31,2025-08,Sunday,kakao_pay,cancelled,F,32.0,울산,2023-08-19,패션 상품 087,패션,93000.0,3.0,93000.0,279000.0,True,True,True,True
352,140,75.0,49,2025-08-31,2025-08,Sunday,kakao_pay,cancelled,F,32.0,울산,2023-08-19,식품 상품 049,식품,171000.0,2.0,171000.0,342000.0,True,True,True,True
353,140,75.0,49,2025-08-31,2025-08,Sunday,kakao_pay,cancelled,F,32.0,울산,2023-08-19,식품 상품 049,식품,171000.0,2.0,171000.0,342000.0,True,True,True,True
354,141,74.0,50,2026-05-16,2026-05,Saturday,bank_transfer,completed,F,27.0,부산,2023-08-26,도서 상품 050,도서,103000.0,5.0,103000.0,515000.0,True,True,True,True
355,141,74.0,25,2026-05-16,2026-05,Saturday,bank_transfer,completed,F,27.0,부산,2023-08-26,생활용품 상품 025,생활용품,52000.0,1.0,52000.0,52000.0,True,True,True,True
356,142,20.0,100,2026-02-03,2026-02,Tuesday,bank_transfer,refunded,F,30.0,성남,2025-12-30,도서 상품 100,도서,34000.0,3.0,34000.0,102000.0,True,True,True,True
357,142,20.0,2,2026-02-03,2026-02,Tuesday,bank_transfer,refunded,F,30.0,성남,2025-12-30,전자기기 상품 002,전자기기,154000.0,1.0,154000.0,154000.0,True,True,True,True
358,142,20.0,63,2026-02-03,2026-02,Tuesday,bank_transfer,refunded,F,30.0,성남,2025-12-30,스포츠 상품 063,스포츠,141000.0,3.0,141000.0,423000.0,True,True,True,True
359,142,20.0,49,2026-02-03,2026-02,Tuesday,bank_transfer,refunded,F,30.0,성남,2025-12-30,식품 상품 049,식품,171000.0,5.0,171000.0,855000.0,True,True,True,True
360,143,19.0,16,,,,naver_pay,refunded,M,68.0,수원,2025-04-19,뷰티 상품 016,뷰티,21000.0,3.0,21000.0,63000.0,True,True,True,True
361,143,19.0,22,,,,naver_pay,refunded,M,68.0,수원,2025-04-19,식품 상품 022,식품,181000.0,2.0,181000.0,362000.0,True,True,True,True
362,143,19.0,25,,,,naver_pay,refunded,M,68.0,수원,2025-04-19,생활용품 상품 025,생활용품,52000.0,5.0,52000.0,260000.0,True,True,True,True
363,144,90.0,19,2026-08-18,2026-08,Tuesday,card,cancelled,F,57.0,수원,2024-09-22,도서 상품 019,도서,127000.0,3.0,127000.0,381000.0,True,True,True,True
364,145,19.0,40,2026-02-03,2026-02,Tuesday,card,completed,M,68.0,수원,2025-04-19,도서 상품 040,도서,182000.0,5.0,182000.0,910000.0,True,True,True,True
365,145,19.0,46,2026-02-03,2026-02,Tuesday,card,completed,M,68.0,수원,2025-04-19,생활용품 상품 046,생활용품,87000.0,2.0,87000.0,174000.0,True,True,True,True
366,146,51.0,7,2025-09-17,2025-09,Wednesday,card,refunded,M,25.0,부산,2025-07-05,전자기기 상품 007,전자기기,161000.0,3.0,161000.0,483000.0,True,True,True,True
367,146,51.0,81,2025-09-17,2025-09,Wednesday,card,refunded,M,25.0,부산,2025-07-05,도서 상품 081,도서,79000.0,3.0,79000.0,237000.0,True,True,True,True
368,146,51.0,34,2025-09-17,2025-09,Wednesday,card,refunded,M,25.0,부산,2025-07-05,뷰티 상품 034,뷰티,110000.0,2.0,110000.0,220000.0,True,True,True,True
369,147,8.0,77,2026-03-06,2026-03,Friday,bank_transfer,refunded,F,28.0,대구,2026-05-11,패션 상품 077,패션,111000.0,4.0,111000.0,444000.0,True,True,True,True
370,147,8.0,60,2026-03-06,2026-03,Friday,bank_transfer,refunded,F,28.0,대구,2026-05-11,뷰티 상품 060,뷰티,26000.0,1.0,26000.0,26000.0,True,True,True,True
371,148,73.0,37,2026-01-20,2026-01,Tuesday,kakao_pay,refunded,F,47.0,수원,2024-01-17,식품 상품 037,식품,92000.0,4.0,92000.0,368000.0,True,True,True,True
372,148,73.0,46,2026-01-20,2026-01,Tuesday,kakao_pay,refunded,F,47.0,수원,2024-01-17,생활용품 상품 046,생활용품,87000.0,4.0,87000.0,348000.0,True,True,True,True
373,149,55.0,85,2026-07-17,2026-07,Friday,card,refunded,M,61.0,부산,2024-11-20,전자기기 상품 085,전자기기,38000.0,1.0,38000.0,38000.0,True,True,True,True
374,150,45.0,45,2026-02-26,2026-02,Thursday,naver_pay,completed,M,48.0,인천,2024-04-02,전자기기 상품 045,전자기기,97000.0,5.0,97000.0,485000.0,True,True,True,True
375,150,45.0,69,2026-02-26,2026-02,Thursday,naver_pay,completed,M,48.0,인천,2024-04-02,식품 상품 069,식품,11000.0,3.0,11000.0,33000.0,True,True,True,True
376,151,74.0,71,2026-07-07,2026-07,Tuesday,kakao_pay,completed,F,27.0,부산,2023-08-26,식품 상품 071,식품,188000.0,3.0,188000.0,564000.0,True,True,True,True
377,151,74.0,99,2026-07-07,2026-07,Tuesday,kakao_pay,completed,F,27.0,부산,2023-08-26,뷰티 상품 099,뷰티,9999999.0,5.0,187000.0,935000.0,True,True,True,True
378,152,21.0,59,2025-07-07,2025-07,Monday,kakao_pay,completed,M,51.0,인천,2023-08-07,스포츠 상품 059,스포츠,5000.0,3.0,5000.0,15000.0,True,True,True,True
379,152,21.0,58,2025-07-07,2025-07,Monday,kakao_pay,completed,M,51.0,인천,2023-08-07,식품 상품 058,식품,55000.0,5.0,55000.0,275000.0,True,True,True,True
380,152,21.0,76,2025-07-07,2025-07,Monday,kakao_pay,completed,M,51.0,인천,2023-08-07,스포츠 상품 076,스포츠,56000.0,5.0,56000.0,280000.0,True,True,True,True
381,153,135.0,22,2026-03-09,2026-03,Monday,card,refunded,M,41.0,광주,2025-11-30,식품 상품 022,식품,181000.0,4.0,181000.0,724000.0,True,True,True,True
382,153,135.0,87,2026-03-09,2026-03,Monday,card,refunded,M,41.0,광주,2025-11-30,패션 상품 087,패션,93000.0,3.0,93000.0,279000.0,True,True,True,True
383,154,52.0,96,2025-08-21,2025-08,Thursday,bank_transfer,completed,F,64.0,울산,2026-03-14,패션 상품 096,패션,96000.0,2.0,96000.0,192000.0,True,True,True,True
384,154,52.0,54,2025-08-21,2025-08,Thursday,bank_transfer,completed,F,64.0,울산,2026-03-14,전자기기 상품 054,전자기기,152000.0,3.0,152000.0,456000.0,True,True,True,True
385,154,52.0,29,2025-08-21,2025-08,Thursday,bank_transfer,completed,F,64.0,울산,2026-03-14,생활용품 상품 029,생활용품,31000.0,5.0,31000.0,155000.0,True,True,True,True
386,154,52.0,74,2025-08-21,2025-08,Thursday,bank_transfer,completed,F,64.0,울산,2026-03-14,전자기기 상품 074,전자기기,129000.0,1.0,129000.0,129000.0,True,True,True,True
387,155,49.0,9,2026-05-10,2026-05,Sunday,naver_pay,refunded,M,54.0,인천,2025-04-01,생활용품 상품 009,생활용품,75000.0,2.0,75000.0,150000.0,True,True,True,True
388,155,49.0,75,2026-05-10,2026-05,Sunday,naver_pay,refunded,M,54.0,인천,2025-04-01,스포츠 상품 075,스포츠,183000.0,5.0,183000.0,915000.0,True,True,True,True
389,155,49.0,67,2026-05-10,2026-05,Sunday,naver_pay,refunded,M,54.0,인천,2025-04-01,도서 상품 067,도서,145000.0,3.0,145000.0,435000.0,True,True,True,True
390,155,49.0,5,2026-05-10,2026-05,Sunday,naver_pay,refunded,M,54.0,인천,2025-04-01,스포츠 상품 005,스포츠,73000.0,3.0,73000.0,219000.0,True,True,True,True
391,156,41.0,93,2026-03-31,2026-03,Tuesday,bank_transfer,completed,M,41.0,Unknown,2023-10-20,식품 상품 093,식품,121000.0,2.0,121000.0,242000.0,True,True,True,True
392,156,41.0,60,2026-03-31,2026-03,Tuesday,bank_transfer,completed,M,41.0,Unknown,2023-10-20,뷰티 상품 060,뷰티,26000.0,2.0,26000.0,52000.0,True,True,True,True
393,156,41.0,53,2026-03-31,2026-03,Tuesday,bank_transfer,completed,M,41.0,Unknown,2023-10-20,전자기기 상품 053,전자기기,105000.0,2.0,105000.0,210000.0,True,True,True,True
394,156,41.0,43,2026-03-31,2026-03,Tuesday,bank_transfer,completed,M,41.0,Unknown,2023-10-20,식품 상품 043,식품,158000.0,2.0,158000.0,316000.0,True,True,True,True
395,157,1.0,59,2026-04-20,2026-04,Monday,kakao_pay,cancelled,F,39.0,서울,2025-10-05,스포츠 상품 059,스포츠,5000.0,3.0,5000.0,15000.0,True,True,True,True
396,157,1.0,51,2026-04-20,2026-04,Monday,kakao_pay,cancelled,F,39.0,서울,2025-10-05,패션 상품 051,패션,183000.0,2.0,183000.0,366000.0,True,True,True,True
397,157,1.0,71,2026-04-20,2026-04,Monday,kakao_pay,cancelled,F,39.0,서울,2025-10-05,식품 상품 071,식품,188000.0,2.0,188000.0,376000.0,True,True,True,True
398,158,130.0,44,2025-08-19,2025-08,Tuesday,kakao_pay,completed,F,68.0,수원,2025-09-02,스포츠 상품 044,생활용품,29000.0,2.0,29000.0,58000.0,True,True,True,True
399,159,31.0,10,2025-12-04,2025-12,Thursday,bank_transfer,completed,F,18.0,대구,2023-12-24,뷰티 상품 010,뷰티,169000.0,4.0,169000.0,676000.0,True,True,True,True
400,160,21.0,3,2025-10-04,2025-10,Saturday,bank_transfer,completed,M,51.0,인천,2023-08-07,뷰티 상품 003,전자기기,48000.0,2.0,48000.0,96000.0,True,True,True,True
401,160,21.0,85,2025-10-04,2025-10,Saturday,bank_transfer,completed,M,51.0,인천,2023-08-07,전자기기 상품 085,전자기기,38000.0,5.0,38000.0,190000.0,True,True,True,True
402,160,21.0,77,2025-10-04,2025-10,Saturday,bank_transfer,completed,M,51.0,인천,2023-08-07,패션 상품 077,패션,111000.0,2.0,111000.0,222000.0,True,True,True,True
403,161,9.0,75,2025-08-02,2025-08,Saturday,card,completed,M,65.0,울산,2025-01-13,스포츠 상품 075,스포츠,183000.0,1.0,183000.0,183000.0,True,True,True,True
404,161,9.0,90,2025-08-02,2025-08,Saturday,card,completed,M,65.0,울산,2025-01-13,도서 상품 090,도서,85000.0,5.0,85000.0,425000.0,True,True,True,True
405,162,55.0,1,2026-06-09,2026-06,Tuesday,kakao_pay,cancelled,M,61.0,부산,2024-11-20,도서 상품 001,도서,61000.0,2.0,61000.0,122000.0,True,True,True,True
406,162,55.0,96,2026-06-09,2026-06,Tuesday,kakao_pay,cancelled,M,61.0,부산,2024-11-20,패션 상품 096,패션,96000.0,3.0,96000.0,288000.0,True,True,True,True
407,162,55.0,54,2026-06-09,2026-06,Tuesday,kakao_pay,cancelled,M,61.0,부산,2024-11-20,전자기기 상품 054,전자기기,152000.0,2.0,152000.0,304000.0,True,True,True,True
408,162,55.0,31,2026-06-09,2026-06,Tuesday,kakao_pay,cancelled,M,61.0,부산,2024-11-20,패션 상품 031,패션,155000.0,5.0,155000.0,775000.0,True,True,True,True
409,163,108.0,13,2026-06-24,2026-06,Wednesday,kakao_pay,completed,M,56.0,대전,2024-07-20,스포츠 상품 013,스포츠,18000.0,1.0,18000.0,18000.0,True,True,True,True
410,164,64.0,13,2025-12-31,2025-12,Wednesday,bank_transfer,completed,M,69.0,대구,2025-04-26,스포츠 상품 013,스포츠,18000.0,5.0,18000.0,90000.0,True,True,True,True
411,164,64.0,51,2025-12-31,2025-12,Wednesday,bank_transfer,completed,M,69.0,대구,2025-04-26,패션 상품 051,패션,183000.0,3.0,183000.0,549000.0,True,True,True,True
412,164,64.0,73,2025-12-31,2025-12,Wednesday,bank_transfer,completed,M,69.0,대구,2025-04-26,,,,3.0,156000.0,468000.0,True,False,True,False
413,164,64.0,46,2025-12-31,2025-12,Wednesday,bank_transfer,completed,M,69.0,대구,2025-04-26,생활용품 상품 046,생활용품,87000.0,3.0,87000.0,261000.0,True,True,True,True
414,165,36.0,93,2025-12-10,2025-12,Wednesday,kakao_pay,refunded,M,32.0,고양,2026-01-30,식품 상품 093,식품,121000.0,1.0,121000.0,121000.0,True,True,True,True
415,165,36.0,90,2025-12-10,2025-12,Wednesday,kakao_pay,refunded,M,32.0,고양,2026-01-30,도서 상품 090,도서,85000.0,1.0,85000.0,85000.0,True,True,True,True
416,165,36.0,46,2025-12-10,2025-12,Wednesday,kakao_pay,refunded,M,32.0,고양,2026-01-30,생활용품 상품 046,생활용품,87000.0,4.0,87000.0,348000.0,True,True,True,True
417,165,36.0,62,2025-12-10,2025-12,Wednesday,kakao_pay,refunded,M,32.0,고양,2026-01-30,전자기기 상품 062,전자기기,82000.0,2.0,82000.0,164000.0,True,True,True,True
418,166,115.0,5,2026-01-28,2026-01,Wednesday,naver_pay,cancelled,F,47.0,수원,2025-12-24,스포츠 상품 005,스포츠,73000.0,3.0,73000.0,219000.0,True,True,True,True
419,166,115.0,77,2026-01-28,2026-01,Wednesday,naver_pay,cancelled,F,47.0,수원,2025-12-24,패션 상품 077,패션,111000.0,3.0,111000.0,333000.0,True,True,True,True
420,166,115.0,24,2026-01-28,2026-01,Wednesday,naver_pay,cancelled,F,47.0,수원,2025-12-24,패션 상품 024,패션,42000.0,2.0,42000.0,84000.0,True,True,True,True
421,167,77.0,97,2025-07-02,2025-07,Wednesday,kakao_pay,completed,M,28.0,서울,2026-05-06,패션 상품 097,패션,187000.0,1.0,187000.0,187000.0,True,True,True,True
422,168,146.0,6,2026-02-15,2026-02,Sunday,naver_pay,completed,M,62.0,대구,2024-01-04,도서 상품 006,도서,134000.0,1.0,134000.0,134000.0,True,True,True,True
423,168,146.0,30,2026-02-15,2026-02,Sunday,naver_pay,completed,M,62.0,대구,2024-01-04,도서 상품 030,도서,149000.0,1.0,149000.0,149000.0,True,True,True,True
424,168,146.0,87,2026-02-15,2026-02,Sunday,naver_pay,completed,M,62.0,대구,2024-01-04,패션 상품 087,패션,93000.0,5.0,93000.0,465000.0,True,True,True,True
425,169,136.0,75,2025-10-01,2025-10,Wednesday,card,completed,F,22.0,고양,2025-11-16,스포츠 상품 075,스포츠,183000.0,1.0,183000.0,183000.0,True,True,True,True
426,169,136.0,67,2025-10-01,2025-10,Wednesday,card,completed,F,22.0,고양,2025-11-16,도서 상품 067,도서,145000.0,1.0,145000.0,145000.0,True,True,True,True
427,169,136.0,5,2025-10-01,2025-10,Wednesday,card,completed,F,22.0,고양,2025-11-16,스포츠 상품 005,스포츠,73000.0,2.0,73000.0,146000.0,True,True,True,True
428,170,15.0,13,2025-12-07,2025-12,Sunday,naver_pay,refunded,M,61.0,광주,2025-05-18,스포츠 상품 013,스포츠,18000.0,5.0,18000.0,90000.0,True,True,True,True
429,170,15.0,17,2025-12-07,2025-12,Sunday,naver_pay,refunded,M,61.0,광주,2025-05-18,생활용품 상품 017,생활용품,76000.0,4.0,76000.0,304000.0,True,True,True,True
430,170,15.0,29,2025-12-07,2025-12,Sunday,naver_pay,refunded,M,61.0,광주,2025-05-18,생활용품 상품 029,생활용품,31000.0,3.0,31000.0,93000.0,True,True,True,True
431,171,60.0,19,2026-01-15,2026-01,Thursday,bank_transfer,refunded,M,26.0,부산,2026-04-08,도서 상품 019,도서,127000.0,1.0,127000.0,127000.0,True,True,True,True
432,171,60.0,37,2026-01-15,2026-01,Thursday,bank_transfer,refunded,M,26.0,부산,2026-04-08,식품 상품 037,식품,92000.0,1.0,92000.0,92000.0,True,True,True,True
434,171,60.0,70,2026-01-15,2026-01,Thursday,bank_transfer,refunded,M,26.0,부산,2026-04-08,도서 상품 070,패션,168000.0,4.0,168000.0,672000.0,True,True,True,True
435,172,58.0,98,2025-09-25,2025-09,Thursday,bank_transfer,completed,M,33.0,서울,2026-01-26,패션 상품 098,패션,32000.0,2.0,32000.0,64000.0,True,True,True,True
436,172,58.0,88,2025-09-25,2025-09,Thursday,bank_transfer,completed,M,33.0,서울,2026-01-26,식품 상품 088,식품,176000.0,3.0,176000.0,528000.0,True,True,True,True
437,172,58.0,53,2025-09-25,2025-09,Thursday,bank_transfer,completed,M,33.0,서울,2026-01-26,전자기기 상품 053,전자기기,105000.0,2.0,105000.0,210000.0,True,True,True,True
438,172,58.0,38,2025-09-25,2025-09,Thursday,bank_transfer,completed,M,33.0,서울,2026-01-26,뷰티 상품 038,뷰티,25000.0,5.0,25000.0,125000.0,True,True,True,True
439,173,105.0,43,2026-04-19,2026-04,Sunday,kakao_pay,cancelled,F,24.0,광주,2025-09-13,식품 상품 043,식품,158000.0,2.0,158000.0,316000.0,True,True,True,True
440,173,105.0,71,2026-04-19,2026-04,Sunday,kakao_pay,cancelled,F,24.0,광주,2025-09-13,식품 상품 071,식품,188000.0,1.0,188000.0,188000.0,True,True,True,True
441,173,105.0,43,2026-04-19,2026-04,Sunday,kakao_pay,cancelled,F,24.0,광주,2025-09-13,식품 상품 043,식품,158000.0,2.0,158000.0,316000.0,True,True,True,True
442,173,105.0,10,2026-04-19,2026-04,Sunday,kakao_pay,cancelled,F,24.0,광주,2025-09-13,뷰티 상품 010,뷰티,169000.0,4.0,169000.0,676000.0,True,True,True,True
443,174,48.0,64,2026-04-03,2026-04,Friday,card,completed,M,24.0,광주,2023-09-28,뷰티 상품 064,뷰티,149000.0,3.0,149000.0,447000.0,True,True,True,True
444,174,48.0,29,2026-04-03,2026-04,Friday,card,completed,M,24.0,광주,2023-09-28,생활용품 상품 029,생활용품,31000.0,3.0,31000.0,93000.0,True,True,True,True
445,174,48.0,85,2026-04-03,2026-04,Friday,card,completed,M,24.0,광주,2023-09-28,전자기기 상품 085,전자기기,38000.0,4.0,38000.0,152000.0,True,True,True,True
446,174,48.0,21,2026-04-03,2026-04,Friday,card,completed,M,24.0,광주,2023-09-28,스포츠 상품 021,스포츠,11000.0,4.0,11000.0,44000.0,True,True,True,True
448,176,95.0,14,2025-07-12,2025-07,Saturday,bank_transfer,refunded,M,49.0,인천,2023-10-20,식품 상품 014,식품,17000.0,4.0,17000.0,68000.0,True,True,True,True
449,176,95.0,74,2025-07-12,2025-07,Saturday,bank_transfer,refunded,M,49.0,인천,2023-10-20,전자기기 상품 074,전자기기,129000.0,4.0,129000.0,516000.0,True,True,True,True
450,177,112.0,57,2026-02-02,2026-02,Monday,naver_pay,completed,F,40.0,인천,2023-08-13,도서 상품 057,도서,96000.0,4.0,96000.0,384000.0,True,True,True,True
451,178,65.0,75,2026-04-08,2026-04,Wednesday,kakao_pay,completed,M,62.0,광주,,스포츠 상품 075,스포츠,183000.0,1.0,183000.0,183000.0,True,True,True,True
452,178,65.0,83,2026-04-08,2026-04,Wednesday,kakao_pay,completed,M,62.0,광주,,도서 상품 083,도서,74000.0,2.0,74000.0,148000.0,True,True,True,True
453,179,11.0,58,2025-08-04,2025-08,Monday,bank_transfer,completed,M,21.0,대구,2026-01-07,식품 상품 058,식품,55000.0,2.0,55000.0,110000.0,True,True,True,True
454,179,11.0,18,2025-08-04,2025-08,Monday,bank_transfer,completed,M,21.0,대구,2026-01-07,,,,3.0,140000.0,420000.0,True,False,True,False
455,179,11.0,55,2025-08-04,2025-08,Monday,bank_transfer,completed,M,21.0,대구,2026-01-07,뷰티 상품 055,뷰티,52000.0,2.0,52000.0,104000.0,True,True,True,True
456,179,11.0,2,2025-08-04,2025-08,Monday,bank_transfer,completed,M,21.0,대구,2026-01-07,전자기기 상품 002,전자기기,154000.0,3.0,154000.0,462000.0,True,True,True,True
457,180,116.0,1,2026-08-25,2026-08,Tuesday,naver_pay,completed,F,65.0,광주,2026-07-24,도서 상품 001,도서,61000.0,3.0,61000.0,183000.0,True,True,True,True
458,181,57.0,82,2025-12-03,2025-12,Wednesday,card,completed,M,53.0,인천,2026-01-03,패션 상품 082,패션,170000.0,1.0,170000.0,170000.0,True,True,True,True
459,181,57.0,54,2025-12-03,2025-12,Wednesday,card,completed,M,53.0,인천,2026-01-03,전자기기 상품 054,전자기기,152000.0,4.0,152000.0,608000.0,True,True,True,True
460,182,111.0,94,2026-04-28,2026-04,Tuesday,kakao_pay,completed,M,49.0,부산,2023-09-04,패션 상품 094,패션,85000.0,1.0,85000.0,85000.0,True,True,True,True
461,182,111.0,82,2026-04-28,2026-04,Tuesday,kakao_pay,completed,M,49.0,부산,2023-09-04,패션 상품 082,패션,170000.0,1.0,170000.0,170000.0,True,True,True,True
462,182,111.0,21,2026-04-28,2026-04,Tuesday,kakao_pay,completed,M,49.0,부산,2023-09-04,스포츠 상품 021,스포츠,11000.0,4.0,11000.0,44000.0,True,True,True,True
463,183,98.0,43,2025-08-26,2025-08,Tuesday,card,completed,M,47.0,광주,2025-03-15,식품 상품 043,식품,158000.0,1.0,158000.0,158000.0,True,True,True,True
464,183,98.0,1,2025-08-26,2025-08,Tuesday,card,completed,M,47.0,광주,2025-03-15,도서 상품 001,도서,61000.0,3.0,61000.0,183000.0,True,True,True,True
465,183,98.0,5,2025-08-26,2025-08,Tuesday,card,completed,M,47.0,광주,2025-03-15,스포츠 상품 005,스포츠,73000.0,3.0,73000.0,219000.0,True,True,True,True
466,184,53.0,37,2026-03-12,2026-03,Thursday,kakao_pay,completed,M,41.0,서울,2025-08-20,식품 상품 037,식품,92000.0,4.0,92000.0,368000.0,True,True,True,True
467,184,53.0,49,2026-03-12,2026-03,Thursday,kakao_pay,completed,M,41.0,서울,2025-08-20,식품 상품 049,식품,171000.0,4.0,171000.0,684000.0,True,True,True,True
468,185,65.0,7,2026-04-17,2026-04,Friday,naver_pay,completed,M,62.0,광주,,전자기기 상품 007,전자기기,161000.0,3.0,161000.0,483000.0,True,True,True,True
469,186,150.0,100,2025-12-27,2025-12,Saturday,kakao_pay,completed,F,37.0,수원,2024-03-19,도서 상품 100,도서,34000.0,1.0,34000.0,34000.0,True,True,True,True
470,186,150.0,96,2025-12-27,2025-12,Saturday,kakao_pay,completed,F,37.0,수원,2024-03-19,패션 상품 096,패션,96000.0,3.0,96000.0,288000.0,True,True,True,True
471,187,31.0,34,2026-05-14,2026-05,Thursday,naver_pay,cancelled,F,18.0,대구,2023-12-24,뷰티 상품 034,뷰티,110000.0,5.0,110000.0,550000.0,True,True,True,True
472,187,31.0,71,2026-05-14,2026-05,Thursday,naver_pay,cancelled,F,18.0,대구,2023-12-24,식품 상품 071,식품,188000.0,1.0,188000.0,188000.0,True,True,True,True
473,187,31.0,99,2026-05-14,2026-05,Thursday,naver_pay,cancelled,F,18.0,대구,2023-12-24,뷰티 상품 099,뷰티,9999999.0,3.0,187000.0,561000.0,True,True,True,True
474,188,52.0,29,2025-10-09,2025-10,Thursday,kakao_pay,completed,F,64.0,울산,2026-03-14,생활용품 상품 029,생활용품,31000.0,5.0,31000.0,155000.0,True,True,True,True
475,188,52.0,93,2025-10-09,2025-10,Thursday,kakao_pay,completed,F,64.0,울산,2026-03-14,식품 상품 093,식품,121000.0,2.0,121000.0,242000.0,True,True,True,True
476,188,52.0,14,2025-10-09,2025-10,Thursday,kakao_pay,completed,F,64.0,울산,2026-03-14,식품 상품 014,식품,17000.0,3.0,17000.0,51000.0,True,True,True,True
477,189,36.0,74,2026-01-25,2026-01,Sunday,kakao_pay,refunded,M,32.0,고양,2026-01-30,전자기기 상품 074,전자기기,129000.0,2.0,129000.0,258000.0,True,True,True,True
478,190,95.0,90,2025-10-07,2025-10,Tuesday,card,refunded,M,49.0,인천,2023-10-20,도서 상품 090,도서,85000.0,2.0,85000.0,170000.0,True,True,True,True
479,191,21.0,50,2025-10-13,2025-10,Monday,bank_transfer,completed,M,51.0,인천,2023-08-07,도서 상품 050,도서,103000.0,3.0,103000.0,309000.0,True,True,True,True
480,191,21.0,11,2025-10-13,2025-10,Monday,bank_transfer,completed,M,51.0,인천,2023-08-07,뷰티 상품 011,뷰티,58000.0,2.0,58000.0,116000.0,True,True,True,True
481,191,21.0,9,2025-10-13,2025-10,Monday,bank_transfer,completed,M,51.0,인천,2023-08-07,생활용품 상품 009,생활용품,75000.0,2.0,75000.0,150000.0,True,True,True,True
482,192,143.0,95,2026-06-10,2026-06,Wednesday,naver_pay,refunded,M,33.0,대전,2023-10-01,,,,5.0,82000.0,410000.0,True,False,True,False
483,192,143.0,90,2026-06-10,2026-06,Wednesday,naver_pay,refunded,M,33.0,대전,2023-10-01,도서 상품 090,도서,85000.0,1.0,85000.0,85000.0,True,True,True,True
484,192,143.0,24,2026-06-10,2026-06,Wednesday,naver_pay,refunded,M,33.0,대전,2023-10-01,패션 상품 024,패션,42000.0,3.0,42000.0,126000.0,True,True,True,True
485,192,143.0,56,2026-06-10,2026-06,Wednesday,naver_pay,refunded,M,33.0,대전,2023-10-01,생활용품 상품 056,생활 용품,124000.0,2.0,124000.0,248000.0,True,True,True,True
486,193,131.0,98,2026-04-23,2026-04,Thursday,bank_transfer,completed,M,67.0,대구,2025-11-21,패션 상품 098,패션,32000.0,2.0,32000.0,64000.0,True,True,True,True
487,193,131.0,76,2026-04-23,2026-04,Thursday,bank_transfer,completed,M,67.0,대구,2025-11-21,스포츠 상품 076,스포츠,56000.0,2.0,56000.0,112000.0,True,True,True,True
488,194,84.0,98,2026-01-30,2026-01,Friday,card,cancelled,M,42.0,성남,2025-09-29,패션 상품 098,패션,32000.0,2.0,32000.0,64000.0,True,True,True,True
489,194,84.0,19,2026-01-30,2026-01,Friday,card,cancelled,M,42.0,성남,2025-09-29,도서 상품 019,도서,127000.0,5.0,127000.0,635000.0,True,True,True,True
490,194,84.0,37,2026-01-30,2026-01,Friday,card,cancelled,M,42.0,성남,2025-09-29,식품 상품 037,식품,92000.0,4.0,92000.0,368000.0,True,True,True,True
491,194,84.0,100,2026-01-30,2026-01,Friday,card,cancelled,M,42.0,성남,2025-09-29,도서 상품 100,도서,34000.0,2.0,34000.0,68000.0,True,True,True,True
492,195,9.0,99,2026-04-03,2026-04,Friday,naver_pay,refunded,M,65.0,울산,2025-01-13,뷰티 상품 099,뷰티,9999999.0,5.0,187000.0,935000.0,True,True,True,True
493,195,9.0,1,2026-04-03,2026-04,Friday,naver_pay,refunded,M,65.0,울산,2025-01-13,도서 상품 001,도서,61000.0,3.0,61000.0,183000.0,True,True,True,True
494,196,7.0,59,2026-08-10,2026-08,Monday,naver_pay,completed,M,31.0,서울,2023-11-13,스포츠 상품 059,스포츠,5000.0,4.0,5000.0,20000.0,True,True,True,True
495,196,7.0,84,2026-08-10,2026-08,Monday,naver_pay,completed,M,31.0,서울,2023-11-13,식품 상품 084,식품,42000.0,1.0,42000.0,42000.0,True,True,True,True
496,196,7.0,73,2026-08-10,2026-08,Monday,naver_pay,completed,M,31.0,서울,2023-11-13,,,,2.0,156000.0,312000.0,True,False,True,False
497,197,5.0,83,2026-05-30,2026-05,Saturday,card,cancelled,M,26.0,광주,2024-02-10,도서 상품 083,도서,74000.0,1.0,74000.0,74000.0,True,True,True,True
498,197,5.0,64,2026-05-30,2026-05,Saturday,card,cancelled,M,26.0,광주,2024-02-10,뷰티 상품 064,뷰티,149000.0,4.0,149000.0,596000.0,True,True,True,True
499,197,5.0,52,2026-05-30,2026-05,Saturday,card,cancelled,M,26.0,광주,2024-02-10,생활용품 상품 052,생활용품,88000.0,2.0,88000.0,176000.0,True,True,True,True
500,197,5.0,45,2026-05-30,2026-05,Saturday,card,cancelled,M,26.0,광주,2024-02-10,전자기기 상품 045,전자기기,97000.0,5.0,97000.0,485000.0,True,True,True,True
501,198,65.0,51,2025-07-24,2025-07,Thursday,naver_pay,completed,M,62.0,광주,,패션 상품 051,패션,183000.0,1.0,183000.0,183000.0,True,True,True,True
502,199,61.0,81,2025-09-28,2025-09,Sunday,bank_transfer,completed,M,58.0,고양,2025-07-19,도서 상품 081,도서,79000.0,2.0,79000.0,158000.0,True,True,True,True
503,199,61.0,91,2025-09-28,2025-09,Sunday,bank_transfer,completed,M,58.0,고양,2025-07-19,전자기기 상품 091,전자기기,125000.0,4.0,125000.0,500000.0,True,True,True,True
504,199,61.0,73,2025-09-28,2025-09,Sunday,bank_transfer,completed,M,58.0,고양,2025-07-19,,,,5.0,156000.0,780000.0,True,False,True,False
505,199,61.0,68,2025-09-28,2025-09,Sunday,bank_transfer,completed,M,58.0,고양,2025-07-19,전자기기 상품 068,전자기기,149000.0,3.0,149000.0,447000.0,True,True,True,True
506,200,77.0,26,2025-10-11,2025-10,Saturday,naver_pay,cancelled,M,28.0,서울,2026-05-06,뷰티 상품 026,뷰티,79000.0,5.0,79000.0,395000.0,True,True,True,True
507,200,77.0,7,2025-10-11,2025-10,Saturday,naver_pay,cancelled,M,28.0,서울,2026-05-06,전자기기 상품 007,전자기기,161000.0,5.0,161000.0,805000.0,True,True,True,True
508,200,77.0,4,2025-10-11,2025-10,Saturday,naver_pay,cancelled,M,28.0,서울,2026-05-06,패션 상품 004,패션,33000.0,2.0,33000.0,66000.0,True,True,True,True
509,200,77.0,56,2025-10-11,2025-10,Saturday,naver_pay,cancelled,M,28.0,서울,2026-05-06,생활용품 상품 056,생활 용품,124000.0,3.0,124000.0,372000.0,True,True,True,True
510,201,127.0,32,2025-09-08,2025-09,Monday,naver_pay,refunded,F,49.0,부산,2025-11-10,식품 상품 032,식품,140000.0,5.0,140000.0,700000.0,True,True,True,True
512,201,127.0,13,2025-09-08,2025-09,Monday,naver_pay,refunded,F,49.0,부산,2025-11-10,스포츠 상품 013,스포츠,18000.0,4.0,18000.0,72000.0,True,True,True,True
513,201,127.0,96,2025-09-08,2025-09,Monday,naver_pay,refunded,F,49.0,부산,2025-11-10,패션 상품 096,패션,96000.0,2.0,96000.0,192000.0,True,True,True,True
514,202,108.0,37,2026-03-11,2026-03,Wednesday,bank_transfer,completed,M,56.0,대전,2024-07-20,식품 상품 037,식품,92000.0,2.0,92000.0,184000.0,True,True,True,True
515,203,60.0,44,2025-10-17,2025-10,Friday,naver_pay,cancelled,M,26.0,부산,2026-04-08,스포츠 상품 044,생활용품,29000.0,5.0,29000.0,145000.0,True,True,True,True
516,203,60.0,46,2025-10-17,2025-10,Friday,naver_pay,cancelled,M,26.0,부산,2026-04-08,생활용품 상품 046,생활용품,87000.0,5.0,87000.0,435000.0,True,True,True,True
517,204,115.0,54,2026-08-11,2026-08,Tuesday,card,completed,F,47.0,수원,2025-12-24,전자기기 상품 054,전자기기,152000.0,3.0,152000.0,456000.0,True,True,True,True
518,204,115.0,42,2026-08-11,2026-08,Tuesday,card,completed,F,47.0,수원,2025-12-24,뷰티 상품 042,뷰티,71000.0,2.0,71000.0,142000.0,True,True,True,True
519,204,115.0,31,2026-08-11,2026-08,Tuesday,card,completed,F,47.0,수원,2025-12-24,패션 상품 031,패션,155000.0,5.0,155000.0,775000.0,True,True,True,True
520,205,10.0,86,2025-09-10,2025-09,Wednesday,kakao_pay,cancelled,F,25.0,성남,2023-08-22,전자기기 상품 086,전자기기,145000.0,3.0,145000.0,435000.0,True,True,True,True
521,205,10.0,25,2025-09-10,2025-09,Wednesday,kakao_pay,cancelled,F,25.0,성남,2023-08-22,생활용품 상품 025,생활용품,52000.0,1.0,52000.0,52000.0,True,True,True,True
522,205,10.0,100,2025-09-10,2025-09,Wednesday,kakao_pay,cancelled,F,25.0,성남,2023-08-22,도서 상품 100,도서,34000.0,2.0,34000.0,68000.0,True,True,True,True
523,205,10.0,21,2025-09-10,2025-09,Wednesday,kakao_pay,cancelled,F,25.0,성남,2023-08-22,스포츠 상품 021,스포츠,11000.0,3.0,11000.0,33000.0,True,True,True,True
524,206,25.0,11,2026-06-29,2026-06,Monday,bank_transfer,completed,F,35.0,울산,2025-12-11,뷰티 상품 011,뷰티,58000.0,1.0,58000.0,58000.0,True,True,True,True
525,207,15.0,43,2026-08-30,2026-08,Sunday,kakao_pay,refunded,M,61.0,광주,2025-05-18,식품 상품 043,식품,158000.0,2.0,158000.0,316000.0,True,True,True,True
526,207,15.0,12,2026-08-30,2026-08,Sunday,kakao_pay,refunded,M,61.0,광주,2025-05-18,스포츠 상품 012,스포츠,91000.0,5.0,91000.0,455000.0,True,True,True,True
527,207,15.0,58,2026-08-30,2026-08,Sunday,kakao_pay,refunded,M,61.0,광주,2025-05-18,식품 상품 058,식품,55000.0,3.0,55000.0,165000.0,True,True,True,True
528,208,111.0,66,2026-04-06,2026-04,Monday,naver_pay,completed,M,49.0,부산,2023-09-04,생활용품 상품 066,생활용품,41000.0,2.0,41000.0,82000.0,True,True,True,True
529,209,61.0,22,2026-05-06,2026-05,Wednesday,kakao_pay,cancelled,M,58.0,고양,2025-07-19,식품 상품 022,식품,181000.0,3.0,181000.0,543000.0,True,True,True,True
530,210,65.0,7,2026-02-15,2026-02,Sunday,card,completed,M,62.0,광주,,전자기기 상품 007,전자기기,161000.0,1.0,161000.0,161000.0,True,True,True,True
531,210,65.0,56,2026-02-15,2026-02,Sunday,card,completed,M,62.0,광주,,생활용품 상품 056,생활 용품,124000.0,1.0,124000.0,124000.0,True,True,True,True
532,210,65.0,94,2026-02-15,2026-02,Sunday,card,completed,M,62.0,광주,,패션 상품 094,패션,85000.0,4.0,85000.0,340000.0,True,True,True,True
533,211,38.0,34,2026-06-22,2026-06,Monday,kakao_pay,completed,M,62.0,성남,2025-04-09,뷰티 상품 034,뷰티,110000.0,2.0,110000.0,220000.0,True,True,True,True
534,211,38.0,26,2026-06-22,2026-06,Monday,kakao_pay,completed,M,62.0,성남,2025-04-09,뷰티 상품 026,뷰티,79000.0,3.0,79000.0,237000.0,True,True,True,True
535,211,38.0,77,2026-06-22,2026-06,Monday,kakao_pay,completed,M,62.0,성남,2025-04-09,패션 상품 077,패션,111000.0,2.0,111000.0,222000.0,True,True,True,True
536,211,38.0,52,2026-06-22,2026-06,Monday,kakao_pay,completed,M,62.0,성남,2025-04-09,생활용품 상품 052,생활용품,88000.0,2.0,88000.0,176000.0,True,True,True,True
537,212,27.0,93,2025-12-11,2025-12,Thursday,bank_transfer,completed,F,45.0,부산,2025-11-06,식품 상품 093,식품,121000.0,2.0,121000.0,242000.0,True,True,True,True
538,212,27.0,3,2025-12-11,2025-12,Thursday,bank_transfer,completed,F,45.0,부산,2025-11-06,뷰티 상품 003,전자기기,48000.0,4.0,48000.0,192000.0,True,True,True,True
539,212,27.0,63,2025-12-11,2025-12,Thursday,bank_transfer,completed,F,45.0,부산,2025-11-06,스포츠 상품 063,스포츠,141000.0,2.0,141000.0,282000.0,True,True,True,True
540,213,65.0,15,2025-08-28,2025-08,Thursday,kakao_pay,completed,M,62.0,광주,,패션 상품 015,패션,75000.0,3.0,75000.0,225000.0,True,True,True,True
541,213,65.0,25,2025-08-28,2025-08,Thursday,kakao_pay,completed,M,62.0,광주,,생활용품 상품 025,생활용품,52000.0,4.0,52000.0,208000.0,True,True,True,True
542,214,62.0,47,,,,naver_pay,completed,F,62.0,울산,2026-05-28,뷰티 상품 047,뷰티,188000.0,1.0,188000.0,188000.0,True,True,True,True
543,214,62.0,91,,,,naver_pay,completed,F,62.0,울산,2026-05-28,전자기기 상품 091,전자기기,125000.0,4.0,125000.0,500000.0,True,True,True,True
544,214,62.0,83,,,,naver_pay,completed,F,62.0,울산,2026-05-28,도서 상품 083,도서,74000.0,3.0,74000.0,222000.0,True,True,True,True
545,214,62.0,84,,,,naver_pay,completed,F,62.0,울산,2026-05-28,식품 상품 084,식품,42000.0,3.0,42000.0,126000.0,True,True,True,True
546,215,60.0,84,2026-06-12,2026-06,Friday,card,completed,M,26.0,부산,2026-04-08,식품 상품 084,식품,42000.0,1.0,42000.0,42000.0,True,True,True,True
547,215,60.0,48,2026-06-12,2026-06,Friday,card,completed,M,26.0,부산,2026-04-08,,,,1.0,25000.0,25000.0,True,False,True,False
548,215,60.0,38,2026-06-12,2026-06,Friday,card,completed,M,26.0,부산,2026-04-08,뷰티 상품 038,뷰티,25000.0,5.0,25000.0,125000.0,True,True,True,True
549,216,137.0,2,2026-02-11,2026-02,Wednesday,bank_transfer,completed,F,33.0,서울,2026-02-06,전자기기 상품 002,전자기기,154000.0,2.0,154000.0,308000.0,True,True,True,True
550,217,98.0,36,2025-11-29,2025-11,Saturday,kakao_pay,cancelled,M,47.0,광주,2025-03-15,뷰티 상품 036,뷰티,193000.0,1.0,193000.0,193000.0,True,True,True,True
551,217,98.0,67,2025-11-29,2025-11,Saturday,kakao_pay,cancelled,M,47.0,광주,2025-03-15,도서 상품 067,도서,145000.0,1.0,145000.0,145000.0,True,True,True,True
552,218,83.0,76,2026-01-13,2026-01,Tuesday,card,refunded,F,43.0,서울,2025-11-02,스포츠 상품 076,스포츠,56000.0,2.0,56000.0,112000.0,True,True,True,True
553,218,83.0,44,2026-01-13,2026-01,Tuesday,card,refunded,F,43.0,서울,2025-11-02,스포츠 상품 044,생활용품,29000.0,4.0,29000.0,116000.0,True,True,True,True
554,218,83.0,88,2026-01-13,2026-01,Tuesday,card,refunded,F,43.0,서울,2025-11-02,식품 상품 088,식품,176000.0,1.0,176000.0,176000.0,True,True,True,True
555,218,83.0,18,2026-01-13,2026-01,Tuesday,card,refunded,F,43.0,서울,2025-11-02,,,,3.0,140000.0,420000.0,True,False,True,False
556,219,133.0,62,2025-12-03,2025-12,Wednesday,card,cancelled,F,20.0,광주,2024-04-23,전자기기 상품 062,전자기기,82000.0,3.0,82000.0,246000.0,True,True,True,True
557,220,150.0,29,2026-06-19,2026-06,Friday,bank_transfer,refunded,F,37.0,수원,2024-03-19,생활용품 상품 029,생활용품,31000.0,1.0,31000.0,31000.0,True,True,True,True
558,221,117.0,15,2026-06-10,2026-06,Wednesday,card,cancelled,M,21.0,인천,2023-09-08,패션 상품 015,패션,75000.0,4.0,75000.0,300000.0,True,True,True,True
559,221,117.0,89,2026-06-10,2026-06,Wednesday,card,cancelled,M,21.0,인천,2023-09-08,전자기기 상품 089,전자기기,178000.0,3.0,178000.0,534000.0,True,True,True,True
560,221,117.0,43,2026-06-10,2026-06,Wednesday,card,cancelled,M,21.0,인천,2023-09-08,식품 상품 043,식품,158000.0,5.0,158000.0,790000.0,True,True,True,True
561,222,93.0,42,2025-08-27,2025-08,Wednesday,card,completed,M,18.0,울산,2025-01-26,뷰티 상품 042,뷰티,71000.0,2.0,71000.0,142000.0,True,True,True,True
562,222,93.0,53,2025-08-27,2025-08,Wednesday,card,completed,M,18.0,울산,2025-01-26,전자기기 상품 053,전자기기,105000.0,3.0,105000.0,315000.0,True,True,True,True
563,222,93.0,99,2025-08-27,2025-08,Wednesday,card,completed,M,18.0,울산,2025-01-26,뷰티 상품 099,뷰티,9999999.0,2.0,187000.0,374000.0,True,True,True,True
564,222,93.0,98,2025-08-27,2025-08,Wednesday,card,completed,M,18.0,울산,2025-01-26,패션 상품 098,패션,32000.0,1.0,32000.0,32000.0,True,True,True,True
565,223,150.0,81,2026-04-30,2026-04,Thursday,bank_transfer,refunded,F,37.0,수원,2024-03-19,도서 상품 081,도서,79000.0,2.0,79000.0,158000.0,True,True,True,True
566,224,108.0,45,2025-12-25,2025-12,Thursday,naver_pay,cancelled,M,56.0,대전,2024-07-20,전자기기 상품 045,전자기기,97000.0,5.0,97000.0,485000.0,True,True,True,True
567,225,104.0,11,2026-08-28,2026-08,Friday,bank_transfer,completed,F,38.0,서울,2025-08-31,뷰티 상품 011,뷰티,58000.0,5.0,58000.0,290000.0,True,True,True,True
568,225,104.0,70,2026-08-28,2026-08,Friday,bank_transfer,completed,F,38.0,서울,2025-08-31,도서 상품 070,패션,168000.0,5.0,168000.0,840000.0,True,True,True,True
569,225,104.0,97,2026-08-28,2026-08,Friday,bank_transfer,completed,F,38.0,서울,2025-08-31,패션 상품 097,패션,187000.0,4.0,187000.0,748000.0,True,True,True,True
570,226,108.0,85,2026-04-26,2026-04,Sunday,kakao_pay,refunded,M,56.0,대전,2024-07-20,전자기기 상품 085,전자기기,38000.0,5.0,38000.0,190000.0,True,True,True,True
571,226,108.0,40,2026-04-26,2026-04,Sunday,kakao_pay,refunded,M,56.0,대전,2024-07-20,도서 상품 040,도서,182000.0,1.0,182000.0,182000.0,True,True,True,True
572,226,108.0,73,2026-04-26,2026-04,Sunday,kakao_pay,refunded,M,56.0,대전,2024-07-20,,,,3.0,156000.0,468000.0,True,False,True,False
573,227,124.0,69,2026-01-09,2026-01,Friday,card,refunded,F,26.0,대구,2025-01-07,식품 상품 069,식품,11000.0,2.0,11000.0,22000.0,True,True,True,True
574,228,22.0,54,2026-06-22,2026-06,Monday,bank_transfer,completed,F,28.0,부산,2024-06-28,전자기기 상품 054,전자기기,152000.0,5.0,152000.0,760000.0,True,True,True,True
575,228,22.0,18,2026-06-22,2026-06,Monday,bank_transfer,completed,F,28.0,부산,2024-06-28,,,,2.0,140000.0,280000.0,True,False,True,False
576,228,22.0,15,2026-06-22,2026-06,Monday,bank_transfer,completed,F,28.0,부산,2024-06-28,패션 상품 015,패션,75000.0,5.0,75000.0,375000.0,True,True,True,True
577,228,22.0,69,2026-06-22,2026-06,Monday,bank_transfer,completed,F,28.0,부산,2024-06-28,식품 상품 069,식품,11000.0,1.0,11000.0,11000.0,True,True,True,True
578,229,58.0,98,2025-08-27,2025-08,Wednesday,kakao_pay,cancelled,M,33.0,서울,2026-01-26,패션 상품 098,패션,32000.0,4.0,32000.0,128000.0,True,True,True,True
580,229,58.0,45,2025-08-27,2025-08,Wednesday,kakao_pay,cancelled,M,33.0,서울,2026-01-26,전자기기 상품 045,전자기기,97000.0,5.0,97000.0,485000.0,True,True,True,True
581,229,58.0,56,2025-08-27,2025-08,Wednesday,kakao_pay,cancelled,M,33.0,서울,2026-01-26,생활용품 상품 056,생활 용품,124000.0,5.0,124000.0,620000.0,True,True,True,True
582,230,92.0,14,2026-03-12,2026-03,Thursday,bank_transfer,completed,F,25.0,광주,2025-01-04,식품 상품 014,식품,17000.0,5.0,17000.0,85000.0,True,True,True,True
583,230,92.0,65,2026-03-12,2026-03,Thursday,bank_transfer,completed,F,25.0,광주,2025-01-04,식품 상품 065,식품,193000.0,3.0,193000.0,579000.0,True,True,True,True
584,231,134.0,52,2026-06-24,2026-06,Wednesday,kakao_pay,cancelled,M,56.0,대전,2025-06-09,생활용품 상품 052,생활용품,88000.0,1.0,88000.0,88000.0,True,True,True,True
585,231,134.0,59,2026-06-24,2026-06,Wednesday,kakao_pay,cancelled,M,56.0,대전,2025-06-09,스포츠 상품 059,스포츠,5000.0,1.0,5000.0,5000.0,True,True,True,True
586,231,134.0,48,2026-06-24,2026-06,Wednesday,kakao_pay,cancelled,M,56.0,대전,2025-06-09,,,,2.0,25000.0,50000.0,True,False,True,False
587,231,134.0,44,2026-06-24,2026-06,Wednesday,kakao_pay,cancelled,M,56.0,대전,2025-06-09,스포츠 상품 044,생활용품,29000.0,3.0,29000.0,87000.0,True,True,True,True
588,232,20.0,68,2026-08-11,2026-08,Tuesday,kakao_pay,completed,F,30.0,성남,2025-12-30,전자기기 상품 068,전자기기,149000.0,4.0,149000.0,596000.0,True,True,True,True
589,232,20.0,39,2026-08-11,2026-08,Tuesday,kakao_pay,completed,F,30.0,성남,2025-12-30,뷰티 상품 039,뷰티,172000.0,4.0,172000.0,688000.0,True,True,True,True
590,233,144.0,23,2026-07-27,2026-07,Monday,naver_pay,completed,F,90.0,인천,2024-03-13,패션 상품 023,패션,197000.0,2.0,197000.0,394000.0,True,True,True,True
591,233,144.0,22,2026-07-27,2026-07,Monday,naver_pay,completed,F,90.0,인천,2024-03-13,식품 상품 022,식품,181000.0,5.0,181000.0,905000.0,True,True,True,True
592,233,144.0,35,2026-07-27,2026-07,Monday,naver_pay,completed,F,90.0,인천,2024-03-13,스포츠 상품 035,스포츠,53000.0,1.0,53000.0,53000.0,True,True,True,True
593,234,38.0,75,2026-01-10,2026-01,Saturday,bank_transfer,completed,M,62.0,성남,2025-04-09,스포츠 상품 075,스포츠,183000.0,5.0,183000.0,915000.0,True,True,True,True
594,234,38.0,27,2026-01-10,2026-01,Saturday,bank_transfer,completed,M,62.0,성남,2025-04-09,뷰티 상품 027,전자 기기,21000.0,5.0,21000.0,105000.0,True,True,True,True
595,234,38.0,17,2026-01-10,2026-01,Saturday,bank_transfer,completed,M,62.0,성남,2025-04-09,생활용품 상품 017,생활용품,76000.0,5.0,76000.0,380000.0,True,True,True,True
596,235,7.0,96,2026-08-26,2026-08,Wednesday,kakao_pay,completed,M,31.0,서울,2023-11-13,패션 상품 096,패션,96000.0,4.0,96000.0,384000.0,True,True,True,True
597,235,7.0,68,2026-08-26,2026-08,Wednesday,kakao_pay,completed,M,31.0,서울,2023-11-13,전자기기 상품 068,전자기기,149000.0,1.0,149000.0,149000.0,True,True,True,True
598,235,7.0,61,2026-08-26,2026-08,Wednesday,kakao_pay,completed,M,31.0,서울,2023-11-13,패션 상품 061,패션,28000.0,5.0,28000.0,140000.0,True,True,True,True
599,235,7.0,56,2026-08-26,2026-08,Wednesday,kakao_pay,completed,M,31.0,서울,2023-11-13,생활용품 상품 056,생활 용품,124000.0,5.0,124000.0,620000.0,True,True,True,True
600,236,15.0,37,2026-05-04,2026-05,Monday,card,cancelled,M,61.0,광주,2025-05-18,식품 상품 037,식품,92000.0,3.0,92000.0,276000.0,True,True,True,True
601,236,15.0,43,2026-05-04,2026-05,Monday,card,cancelled,M,61.0,광주,2025-05-18,식품 상품 043,식품,158000.0,1.0,158000.0,158000.0,True,True,True,True
602,236,15.0,35,2026-05-04,2026-05,Monday,card,cancelled,M,61.0,광주,2025-05-18,스포츠 상품 035,스포츠,53000.0,3.0,53000.0,159000.0,True,True,True,True
603,236,15.0,23,2026-05-04,2026-05,Monday,card,cancelled,M,61.0,광주,2025-05-18,패션 상품 023,패션,197000.0,4.0,197000.0,788000.0,True,True,True,True
604,237,2.0,40,2025-09-23,2025-09,Tuesday,bank_transfer,cancelled,M,63.0,대구,2023-09-20,도서 상품 040,도서,182000.0,4.0,182000.0,728000.0,True,True,True,True
605,238,138.0,51,2025-07-15,2025-07,Tuesday,card,completed,F,58.0,서울,2023-12-02,패션 상품 051,패션,183000.0,5.0,183000.0,915000.0,True,True,True,True
606,239,119.0,100,2026-02-08,2026-02,Sunday,bank_transfer,completed,M,20.0,인천,2024-01-26,도서 상품 100,도서,34000.0,2.0,34000.0,68000.0,True,True,True,True
607,240,67.0,43,2026-01-24,2026-01,Saturday,naver_pay,cancelled,F,21.0,울산,2026-05-06,식품 상품 043,식품,158000.0,2.0,158000.0,316000.0,True,True,True,True
608,240,67.0,76,2026-01-24,2026-01,Saturday,naver_pay,cancelled,F,21.0,울산,2026-05-06,스포츠 상품 076,스포츠,56000.0,3.0,56000.0,168000.0,True,True,True,True
609,241,133.0,19,2025-10-22,2025-10,Wednesday,kakao_pay,refunded,F,20.0,광주,2024-04-23,도서 상품 019,도서,127000.0,1.0,127000.0,127000.0,True,True,True,True
610,241,133.0,9,2025-10-22,2025-10,Wednesday,kakao_pay,refunded,F,20.0,광주,2024-04-23,생활용품 상품 009,생활용품,75000.0,2.0,75000.0,150000.0,True,True,True,True
611,241,133.0,88,2025-10-22,2025-10,Wednesday,kakao_pay,refunded,F,20.0,광주,2024-04-23,식품 상품 088,식품,176000.0,1.0,176000.0,176000.0,True,True,True,True
613,242,52.0,46,2026-05-16,2026-05,Saturday,kakao_pay,cancelled,F,64.0,울산,2026-03-14,생활용품 상품 046,생활용품,87000.0,5.0,87000.0,435000.0,True,True,True,True
614,242,52.0,82,2026-05-16,2026-05,Saturday,kakao_pay,cancelled,F,64.0,울산,2026-03-14,패션 상품 082,패션,170000.0,4.0,170000.0,680000.0,True,True,True,True
615,242,52.0,80,2026-05-16,2026-05,Saturday,kakao_pay,cancelled,F,64.0,울산,2026-03-14,패션 상품 080,패션,187000.0,2.0,187000.0,374000.0,True,True,True,True
616,243,3.0,42,2025-09-29,2025-09,Monday,kakao_pay,cancelled,F,34.0,서울,2025-01-22,뷰티 상품 042,뷰티,71000.0,2.0,71000.0,142000.0,True,True,True,True
617,243,3.0,32,2025-09-29,2025-09,Monday,kakao_pay,cancelled,F,34.0,서울,2025-01-22,식품 상품 032,식품,140000.0,3.0,140000.0,420000.0,True,True,True,True
618,244,85.0,76,2026-06-09,2026-06,Tuesday,kakao_pay,completed,M,33.0,부산,2023-10-05,스포츠 상품 076,스포츠,56000.0,5.0,56000.0,280000.0,True,True,True,True
619,244,85.0,43,2026-06-09,2026-06,Tuesday,kakao_pay,completed,M,33.0,부산,2023-10-05,식품 상품 043,식품,158000.0,2.0,158000.0,316000.0,True,True,True,True
620,9992,,98,,,,,,,,,,패션 상품 098,패션,32000.0,1.0,32000.0,32000.0,False,True,False,False
621,245,114.0,42,2025-11-02,2025-11,Sunday,card,completed,F,35.0,대구,2026-02-16,뷰티 상품 042,뷰티,71000.0,1.0,71000.0,71000.0,True,True,True,True
622,245,114.0,90,2025-11-02,2025-11,Sunday,card,completed,F,35.0,대구,2026-02-16,도서 상품 090,도서,85000.0,2.0,85000.0,170000.0,True,True,True,True
623,245,114.0,84,2025-11-02,2025-11,Sunday,card,completed,F,35.0,대구,2026-02-16,식품 상품 084,식품,42000.0,5.0,42000.0,210000.0,True,True,True,True
624,246,105.0,84,2025-11-06,2025-11,Thursday,card,completed,F,24.0,광주,2025-09-13,식품 상품 084,식품,42000.0,5.0,42000.0,210000.0,True,True,True,True
625,247,134.0,94,2025-11-23,2025-11,Sunday,naver_pay,completed,M,56.0,대전,2025-06-09,패션 상품 094,패션,85000.0,2.0,85000.0,170000.0,True,True,True,True
626,248,22.0,92,2025-07-25,2025-07,Friday,naver_pay,completed,F,28.0,부산,2024-06-28,식품 상품 092,식품,74000.0,4.0,74000.0,296000.0,True,True,True,True
627,248,22.0,19,2025-07-25,2025-07,Friday,naver_pay,completed,F,28.0,부산,2024-06-28,도서 상품 019,도서,127000.0,5.0,127000.0,635000.0,True,True,True,True
628,248,22.0,34,2025-07-25,2025-07,Friday,naver_pay,completed,F,28.0,부산,2024-06-28,뷰티 상품 034,뷰티,110000.0,3.0,110000.0,330000.0,True,True,True,True
629,248,22.0,95,2025-07-25,2025-07,Friday,naver_pay,completed,F,28.0,부산,2024-06-28,,,,1.0,82000.0,82000.0,True,False,True,False
630,249,88.0,17,2025-11-10,2025-11,Monday,naver_pay,completed,M,41.0,대구,2026-08-24,생활용품 상품 017,생활용품,76000.0,3.0,76000.0,228000.0,True,True,True,True
631,249,88.0,15,2025-11-10,2025-11,Monday,naver_pay,completed,M,41.0,대구,2026-08-24,패션 상품 015,패션,75000.0,4.0,75000.0,300000.0,True,True,True,True
632,250,16.0,52,2026-03-13,2026-03,Friday,kakao_pay,cancelled,F,37.0,서울,2024-02-13,생활용품 상품 052,생활용품,88000.0,3.0,88000.0,264000.0,True,True,True,True
633,250,16.0,87,2026-03-13,2026-03,Friday,kakao_pay,cancelled,F,37.0,서울,2024-02-13,패션 상품 087,패션,93000.0,3.0,93000.0,279000.0,True,True,True,True
634,251,72.0,98,2026-06-26,2026-06,Friday,card,refunded,M,18.0,울산,2023-11-12,패션 상품 098,패션,32000.0,5.0,32000.0,160000.0,True,True,True,True
635,252,53.0,52,2025-10-14,2025-10,Tuesday,card,completed,M,41.0,서울,2025-08-20,생활용품 상품 052,생활용품,88000.0,4.0,88000.0,352000.0,True,True,True,True
636,252,53.0,68,2025-10-14,2025-10,Tuesday,card,completed,M,41.0,서울,2025-08-20,전자기기 상품 068,전자기기,149000.0,2.0,149000.0,298000.0,True,True,True,True
637,253,65.0,22,2025-11-24,2025-11,Monday,card,completed,M,62.0,광주,,식품 상품 022,식품,181000.0,2.0,181000.0,362000.0,True,True,True,True
638,253,65.0,36,2025-11-24,2025-11,Monday,card,completed,M,62.0,광주,,뷰티 상품 036,뷰티,193000.0,4.0,193000.0,772000.0,True,True,True,True
639,253,65.0,23,2025-11-24,2025-11,Monday,card,completed,M,62.0,광주,,패션 상품 023,패션,197000.0,4.0,197000.0,788000.0,True,True,True,True
640,254,136.0,14,2025-12-23,2025-12,Tuesday,kakao_pay,completed,F,22.0,고양,2025-11-16,식품 상품 014,식품,17000.0,2.0,17000.0,34000.0,True,True,True,True
641,254,136.0,55,2025-12-23,2025-12,Tuesday,kakao_pay,completed,F,22.0,고양,2025-11-16,뷰티 상품 055,뷰티,52000.0,4.0,52000.0,208000.0,True,True,True,True
642,254,136.0,51,2025-12-23,2025-12,Tuesday,kakao_pay,completed,F,22.0,고양,2025-11-16,패션 상품 051,패션,183000.0,5.0,183000.0,915000.0,True,True,True,True
643,255,90.0,34,2026-04-16,2026-04,Thursday,card,completed,F,57.0,수원,2024-09-22,뷰티 상품 034,뷰티,110000.0,2.0,110000.0,220000.0,True,True,True,True
644,255,90.0,11,2026-04-16,2026-04,Thursday,card,completed,F,57.0,수원,2024-09-22,뷰티 상품 011,뷰티,58000.0,4.0,58000.0,232000.0,True,True,True,True
645,255,90.0,7,2026-04-16,2026-04,Thursday,card,completed,F,57.0,수원,2024-09-22,전자기기 상품 007,전자기기,161000.0,2.0,161000.0,322000.0,True,True,True,True
646,255,90.0,93,2026-04-16,2026-04,Thursday,card,completed,F,57.0,수원,2024-09-22,식품 상품 093,식품,121000.0,1.0,121000.0,121000.0,True,True,True,True
647,256,55.0,16,2027-01-15,2027-01,Friday,bank_transfer,completed,M,61.0,부산,2024-11-20,뷰티 상품 016,뷰티,21000.0,1.0,21000.0,21000.0,True,True,True,True
648,256,55.0,49,2027-01-15,2027-01,Friday,bank_transfer,completed,M,61.0,부산,2024-11-20,식품 상품 049,식품,171000.0,2.0,171000.0,342000.0,True,True,True,True
649,256,55.0,40,2027-01-15,2027-01,Friday,bank_transfer,completed,M,61.0,부산,2024-11-20,도서 상품 040,도서,182000.0,3.0,182000.0,546000.0,True,True,True,True
650,257,51.0,79,2026-06-06,2026-06,Saturday,bank_transfer,completed,M,25.0,부산,2025-07-05,스포츠 상품 079,스포츠,153000.0,5.0,153000.0,765000.0,True,True,True,True
651,257,51.0,48,2026-06-06,2026-06,Saturday,bank_transfer,completed,M,25.0,부산,2025-07-05,,,,1.0,25000.0,25000.0,True,False,True,False
652,257,51.0,75,2026-06-06,2026-06,Saturday,bank_transfer,completed,M,25.0,부산,2025-07-05,스포츠 상품 075,스포츠,183000.0,3.0,183000.0,549000.0,True,True,True,True
653,258,56.0,69,2025-11-14,2025-11,Friday,naver_pay,completed,F,67.0,서울,2025-02-19,식품 상품 069,식품,11000.0,1.0,11000.0,11000.0,True,True,True,True
654,258,56.0,22,2025-11-14,2025-11,Friday,naver_pay,completed,F,67.0,서울,2025-02-19,식품 상품 022,식품,181000.0,2.0,181000.0,362000.0,True,True,True,True
655,258,56.0,18,2025-11-14,2025-11,Friday,naver_pay,completed,F,67.0,서울,2025-02-19,,,,3.0,140000.0,420000.0,True,False,True,False
656,258,56.0,39,2025-11-14,2025-11,Friday,naver_pay,completed,F,67.0,서울,2025-02-19,뷰티 상품 039,뷰티,172000.0,1.0,172000.0,172000.0,True,True,True,True
657,259,142.0,58,2026-06-05,2026-06,Friday,bank_transfer,completed,F,41.0,인천,2023-11-09,식품 상품 058,식품,55000.0,1.0,55000.0,55000.0,True,True,True,True
658,259,142.0,20,2026-06-05,2026-06,Friday,bank_transfer,completed,F,41.0,인천,2023-11-09,도서 상품 020,도서,79000.0,4.0,79000.0,316000.0,True,True,True,True
659,259,142.0,30,2026-06-05,2026-06,Friday,bank_transfer,completed,F,41.0,인천,2023-11-09,도서 상품 030,도서,149000.0,4.0,149000.0,596000.0,True,True,True,True
660,259,142.0,100,2026-06-05,2026-06,Friday,bank_transfer,completed,F,41.0,인천,2023-11-09,도서 상품 100,도서,34000.0,1.0,34000.0,34000.0,True,True,True,True
661,260,60.0,60,2025-11-30,2025-11,Sunday,kakao_pay,completed,M,26.0,부산,2026-04-08,뷰티 상품 060,뷰티,26000.0,2.0,26000.0,52000.0,True,True,True,True
662,260,60.0,51,2025-11-30,2025-11,Sunday,kakao_pay,completed,M,26.0,부산,2026-04-08,패션 상품 051,패션,183000.0,1.0,183000.0,183000.0,True,True,True,True
663,261,90.0,29,2026-01-07,2026-01,Wednesday,card,refunded,F,57.0,수원,2024-09-22,생활용품 상품 029,생활용품,31000.0,5.0,31000.0,155000.0,True,True,True,True
664,262,110.0,11,2026-08-11,2026-08,Tuesday,kakao_pay,completed,F,45.0,성남,2025-04-05,뷰티 상품 011,뷰티,58000.0,2.0,58000.0,116000.0,True,True,True,True
665,262,110.0,75,2026-08-11,2026-08,Tuesday,kakao_pay,completed,F,45.0,성남,2025-04-05,스포츠 상품 075,스포츠,183000.0,3.0,183000.0,549000.0,True,True,True,True
666,263,43.0,66,2026-06-18,2026-06,Thursday,bank_transfer,completed,M,39.0,부산,2025-11-16,생활용품 상품 066,생활용품,41000.0,1.0,41000.0,41000.0,True,True,True,True
667,263,43.0,73,2026-06-18,2026-06,Thursday,bank_transfer,completed,M,39.0,부산,2025-11-16,,,,4.0,156000.0,624000.0,True,False,True,False
668,264,23.0,94,2025-08-26,2025-08,Tuesday,bank_transfer,completed,F,66.0,부산,2024-03-20,패션 상품 094,패션,85000.0,4.0,85000.0,340000.0,True,True,True,True
669,265,130.0,87,2025-08-04,2025-08,Monday,bank_transfer,completed,F,68.0,수원,2025-09-02,패션 상품 087,패션,93000.0,2.0,93000.0,186000.0,True,True,True,True
670,265,130.0,34,2025-08-04,2025-08,Monday,bank_transfer,completed,F,68.0,수원,2025-09-02,뷰티 상품 034,뷰티,110000.0,3.0,110000.0,330000.0,True,True,True,True
671,265,130.0,17,2025-08-04,2025-08,Monday,bank_transfer,completed,F,68.0,수원,2025-09-02,생활용품 상품 017,생활용품,76000.0,1.0,76000.0,76000.0,True,True,True,True
672,266,90.0,65,2026-01-15,2026-01,Thursday,naver_pay,completed,F,57.0,수원,2024-09-22,식품 상품 065,식품,193000.0,2.0,193000.0,386000.0,True,True,True,True
673,266,90.0,83,2026-01-15,2026-01,Thursday,naver_pay,completed,F,57.0,수원,2024-09-22,도서 상품 083,도서,74000.0,1.0,74000.0,74000.0,True,True,True,True
674,266,90.0,87,2026-01-15,2026-01,Thursday,naver_pay,completed,F,57.0,수원,2024-09-22,패션 상품 087,패션,93000.0,5.0,93000.0,465000.0,True,True,True,True
675,266,90.0,32,2026-01-15,2026-01,Thursday,naver_pay,completed,F,57.0,수원,2024-09-22,식품 상품 032,식품,140000.0,5.0,140000.0,700000.0,True,True,True,True
676,267,69.0,64,2026-05-01,2026-05,Friday,naver_pay,completed,M,59.0,성남,2025-06-06,뷰티 상품 064,뷰티,149000.0,1.0,149000.0,149000.0,True,True,True,True
677,267,69.0,83,2026-05-01,2026-05,Friday,naver_pay,completed,M,59.0,성남,2025-06-06,도서 상품 083,도서,74000.0,5.0,74000.0,370000.0,True,True,True,True
678,267,69.0,39,2026-05-01,2026-05,Friday,naver_pay,completed,M,59.0,성남,2025-06-06,뷰티 상품 039,뷰티,172000.0,5.0,172000.0,860000.0,True,True,True,True
679,268,5.0,97,2026-05-12,2026-05,Tuesday,card,completed,M,26.0,광주,2024-02-10,패션 상품 097,패션,187000.0,4.0,187000.0,748000.0,True,True,True,True
680,268,5.0,45,2026-05-12,2026-05,Tuesday,card,completed,M,26.0,광주,2024-02-10,전자기기 상품 045,전자기기,97000.0,3.0,97000.0,291000.0,True,True,True,True
681,268,5.0,100,2026-05-12,2026-05,Tuesday,card,completed,M,26.0,광주,2024-02-10,도서 상품 100,도서,34000.0,5.0,34000.0,170000.0,True,True,True,True
682,269,52.0,15,2025-09-20,2025-09,Saturday,card,refunded,F,64.0,울산,2026-03-14,패션 상품 015,패션,75000.0,5.0,75000.0,375000.0,True,True,True,True
683,269,52.0,82,2025-09-20,2025-09,Saturday,card,refunded,F,64.0,울산,2026-03-14,패션 상품 082,패션,170000.0,5.0,170000.0,850000.0,True,True,True,True
684,269,52.0,90,2025-09-20,2025-09,Saturday,card,refunded,F,64.0,울산,2026-03-14,도서 상품 090,도서,85000.0,5.0,85000.0,425000.0,True,True,True,True
685,270,122.0,16,2025-12-02,2025-12,Tuesday,kakao_pay,refunded,F,38.0,대구,2025-05-23,뷰티 상품 016,뷰티,21000.0,4.0,21000.0,84000.0,True,True,True,True
686,271,61.0,9,2026-01-28,2026-01,Wednesday,kakao_pay,completed,M,58.0,고양,2025-07-19,생활용품 상품 009,생활용품,75000.0,4.0,75000.0,300000.0,True,True,True,True
687,271,61.0,76,2026-01-28,2026-01,Wednesday,kakao_pay,completed,M,58.0,고양,2025-07-19,스포츠 상품 076,스포츠,56000.0,3.0,56000.0,168000.0,True,True,True,True
688,272,139.0,21,2025-12-25,2025-12,Thursday,card,completed,F,61.0,대구,2026-05-03,스포츠 상품 021,스포츠,11000.0,5.0,11000.0,55000.0,True,True,True,True
689,272,139.0,94,2025-12-25,2025-12,Thursday,card,completed,F,61.0,대구,2026-05-03,패션 상품 094,패션,85000.0,5.0,85000.0,425000.0,True,True,True,True
690,273,28.0,74,2025-08-25,2025-08,Monday,card,completed,F,37.0,인천,2026-05-31,전자기기 상품 074,전자기기,129000.0,1.0,129000.0,129000.0,True,True,True,True
691,273,28.0,89,2025-08-25,2025-08,Monday,card,completed,F,37.0,인천,2026-05-31,전자기기 상품 089,전자기기,178000.0,3.0,178000.0,534000.0,True,True,True,True
692,273,28.0,6,2025-08-25,2025-08,Monday,card,completed,F,37.0,인천,2026-05-31,도서 상품 006,도서,134000.0,4.0,134000.0,536000.0,True,True,True,True
693,274,51.0,57,2025-11-07,2025-11,Friday,card,cancelled,M,25.0,부산,2025-07-05,도서 상품 057,도서,96000.0,5.0,96000.0,480000.0,True,True,True,True
694,275,3.0,9,2026-01-24,2026-01,Saturday,bank_transfer,refunded,F,34.0,서울,2025-01-22,생활용품 상품 009,생활용품,75000.0,4.0,75000.0,300000.0,True,True,True,True
695,275,3.0,37,2026-01-24,2026-01,Saturday,bank_transfer,refunded,F,34.0,서울,2025-01-22,식품 상품 037,식품,92000.0,4.0,92000.0,368000.0,True,True,True,True
696,276,22.0,94,2025-10-29,2025-10,Wednesday,naver_pay,completed,F,28.0,부산,2024-06-28,패션 상품 094,패션,85000.0,4.0,85000.0,340000.0,True,True,True,True
697,277,14.0,10,2025-07-12,2025-07,Saturday,bank_transfer,completed,F,45.0,대구,2024-01-22,뷰티 상품 010,뷰티,169000.0,1.0,169000.0,169000.0,True,True,True,True
698,277,14.0,86,2025-07-12,2025-07,Saturday,bank_transfer,completed,F,45.0,대구,2024-01-22,전자기기 상품 086,전자기기,145000.0,5.0,145000.0,725000.0,True,True,True,True
699,277,14.0,84,2025-07-12,2025-07,Saturday,bank_transfer,completed,F,45.0,대구,2024-01-22,식품 상품 084,식품,42000.0,5.0,42000.0,210000.0,True,True,True,True
700,277,14.0,31,2025-07-12,2025-07,Saturday,bank_transfer,completed,F,45.0,대구,2024-01-22,패션 상품 031,패션,155000.0,5.0,155000.0,775000.0,True,True,True,True
701,278,9992.0,9992,2026-07-10,2026-07,Friday,kakao_pay,cancelled,,,,,,,,2.0,145000.0,290000.0,True,False,False,False
702,278,9992.0,74,2026-07-10,2026-07,Friday,kakao_pay,cancelled,,,,,전자기기 상품 074,전자기기,129000.0,5.0,129000.0,645000.0,True,True,False,False
704,278,9992.0,99,2026-07-10,2026-07,Friday,kakao_pay,cancelled,,,,,뷰티 상품 099,뷰티,9999999.0,4.0,187000.0,748000.0,True,True,False,False
705,279,54.0,37,2026-01-05,2026-01,Monday,naver_pay,refunded,F,39.0,대구,2023-10-31,식품 상품 037,식품,92000.0,2.0,92000.0,184000.0,True,True,True,True
706,279,54.0,46,2026-01-05,2026-01,Monday,naver_pay,refunded,F,39.0,대구,2023-10-31,생활용품 상품 046,생활용품,87000.0,2.0,87000.0,174000.0,True,True,True,True
707,279,54.0,8,2026-01-05,2026-01,Monday,naver_pay,refunded,F,39.0,대구,2023-10-31,뷰티 상품 008,뷰티,18000.0,1.0,18000.0,18000.0,True,True,True,True
708,280,48.0,19,2026-05-07,2026-05,Thursday,naver_pay,cancelled,M,24.0,광주,2023-09-28,도서 상품 019,도서,127000.0,4.0,127000.0,508000.0,True,True,True,True
709,280,48.0,51,2026-05-07,2026-05,Thursday,naver_pay,cancelled,M,24.0,광주,2023-09-28,패션 상품 051,패션,183000.0,5.0,183000.0,915000.0,True,True,True,True
710,280,48.0,51,2026-05-07,2026-05,Thursday,naver_pay,cancelled,M,24.0,광주,2023-09-28,패션 상품 051,패션,183000.0,3.0,183000.0,549000.0,True,True,True,True
711,280,48.0,42,2026-05-07,2026-05,Thursday,naver_pay,cancelled,M,24.0,광주,2023-09-28,뷰티 상품 042,뷰티,71000.0,1.0,71000.0,71000.0,True,True,True,True
712,281,132.0,9,2025-11-15,2025-11,Saturday,card,completed,M,62.0,인천,2025-09-02,생활용품 상품 009,생활용품,75000.0,4.0,75000.0,300000.0,True,True,True,True
713,281,132.0,86,2025-11-15,2025-11,Saturday,card,completed,M,62.0,인천,2025-09-02,전자기기 상품 086,전자기기,145000.0,3.0,145000.0,435000.0,True,True,True,True
714,281,132.0,59,2025-11-15,2025-11,Saturday,card,completed,M,62.0,인천,2025-09-02,스포츠 상품 059,스포츠,5000.0,5.0,5000.0,25000.0,True,True,True,True
715,281,132.0,21,2025-11-15,2025-11,Saturday,card,completed,M,62.0,인천,2025-09-02,스포츠 상품 021,스포츠,11000.0,4.0,11000.0,44000.0,True,True,True,True
716,282,20.0,9,2025-08-13,2025-08,Wednesday,naver_pay,completed,F,30.0,성남,2025-12-30,생활용품 상품 009,생활용품,75000.0,3.0,75000.0,225000.0,True,True,True,True
717,283,112.0,26,2026-02-26,2026-02,Thursday,card,refunded,F,40.0,인천,2023-08-13,뷰티 상품 026,뷰티,79000.0,1.0,79000.0,79000.0,True,True,True,True
718,283,112.0,60,2026-02-26,2026-02,Thursday,card,refunded,F,40.0,인천,2023-08-13,뷰티 상품 060,뷰티,26000.0,4.0,26000.0,104000.0,True,True,True,True
719,283,112.0,15,2026-02-26,2026-02,Thursday,card,refunded,F,40.0,인천,2023-08-13,패션 상품 015,패션,75000.0,4.0,75000.0,300000.0,True,True,True,True
720,284,107.0,76,2025-07-05,2025-07,Saturday,naver_pay,cancelled,M,55.0,울산,2026-02-22,스포츠 상품 076,스포츠,56000.0,3.0,56000.0,168000.0,True,True,True,True
721,285,38.0,20,2026-07-18,2026-07,Saturday,card,completed,M,62.0,성남,2025-04-09,도서 상품 020,도서,79000.0,4.0,79000.0,316000.0,True,True,True,True
722,285,38.0,9,2026-07-18,2026-07,Saturday,card,completed,M,62.0,성남,2025-04-09,생활용품 상품 009,생활용품,75000.0,1.0,75000.0,75000.0,True,True,True,True
723,285,38.0,36,2026-07-18,2026-07,Saturday,card,completed,M,62.0,성남,2025-04-09,뷰티 상품 036,뷰티,193000.0,4.0,193000.0,772000.0,True,True,True,True
724,286,69.0,83,2025-09-03,2025-09,Wednesday,naver_pay,completed,M,59.0,성남,2025-06-06,도서 상품 083,도서,74000.0,3.0,74000.0,222000.0,True,True,True,True
725,286,69.0,15,2025-09-03,2025-09,Wednesday,naver_pay,completed,M,59.0,성남,2025-06-06,패션 상품 015,패션,75000.0,4.0,75000.0,300000.0,True,True,True,True
726,286,69.0,5,2025-09-03,2025-09,Wednesday,naver_pay,completed,M,59.0,성남,2025-06-06,스포츠 상품 005,스포츠,73000.0,2.0,73000.0,146000.0,True,True,True,True
727,287,83.0,99,2028-12-31,2028-12,Sunday,card,cancelled,F,43.0,서울,2025-11-02,뷰티 상품 099,뷰티,9999999.0,1.0,187000.0,187000.0,True,True,True,True
728,287,83.0,58,2028-12-31,2028-12,Sunday,card,cancelled,F,43.0,서울,2025-11-02,식품 상품 058,식품,55000.0,5.0,55000.0,275000.0,True,True,True,True
729,287,83.0,88,2028-12-31,2028-12,Sunday,card,cancelled,F,43.0,서울,2025-11-02,식품 상품 088,식품,176000.0,5.0,176000.0,880000.0,True,True,True,True
730,287,83.0,87,2028-12-31,2028-12,Sunday,card,cancelled,F,43.0,서울,2025-11-02,패션 상품 087,패션,93000.0,4.0,93000.0,372000.0,True,True,True,True
731,288,95.0,8,2025-07-13,2025-07,Sunday,naver_pay,completed,M,49.0,인천,2023-10-20,뷰티 상품 008,뷰티,18000.0,2.0,18000.0,36000.0,True,True,True,True
732,288,95.0,34,2025-07-13,2025-07,Sunday,naver_pay,completed,M,49.0,인천,2023-10-20,뷰티 상품 034,뷰티,110000.0,4.0,110000.0,440000.0,True,True,True,True
733,288,95.0,29,2025-07-13,2025-07,Sunday,naver_pay,completed,M,49.0,인천,2023-10-20,생활용품 상품 029,생활용품,31000.0,1.0,31000.0,31000.0,True,True,True,True
734,288,95.0,61,2025-07-13,2025-07,Sunday,naver_pay,completed,M,49.0,인천,2023-10-20,패션 상품 061,패션,28000.0,1.0,28000.0,28000.0,True,True,True,True
735,289,75.0,93,2026-01-16,2026-01,Friday,naver_pay,cancelled,F,32.0,울산,2023-08-19,식품 상품 093,식품,121000.0,4.0,121000.0,484000.0,True,True,True,True
736,290,3.0,97,2026-04-24,2026-04,Friday,card,completed,F,34.0,서울,2025-01-22,패션 상품 097,패션,187000.0,1.0,187000.0,187000.0,True,True,True,True
737,290,3.0,56,2026-04-24,2026-04,Friday,card,completed,F,34.0,서울,2025-01-22,생활용품 상품 056,생활 용품,124000.0,4.0,124000.0,496000.0,True,True,True,True
738,290,3.0,96,2026-04-24,2026-04,Friday,card,completed,F,34.0,서울,2025-01-22,패션 상품 096,패션,96000.0,50.0,96000.0,4800000.0,True,True,True,True
739,291,37.0,82,2026-05-20,2026-05,Wednesday,card,refunded,M,33.0,수원,2024-03-17,패션 상품 082,패션,170000.0,2.0,170000.0,340000.0,True,True,True,True
740,291,37.0,45,2026-05-20,2026-05,Wednesday,card,refunded,M,33.0,수원,2024-03-17,전자기기 상품 045,전자기기,97000.0,4.0,97000.0,388000.0,True,True,True,True
741,291,37.0,84,2026-05-20,2026-05,Wednesday,card,refunded,M,33.0,수원,2024-03-17,식품 상품 084,식품,42000.0,5.0,42000.0,210000.0,True,True,True,True
742,291,37.0,8,2026-05-20,2026-05,Wednesday,card,refunded,M,33.0,수원,2024-03-17,뷰티 상품 008,뷰티,18000.0,4.0,18000.0,72000.0,True,True,True,True
743,292,14.0,38,2026-06-11,2026-06,Thursday,kakao_pay,completed,F,45.0,대구,2024-01-22,뷰티 상품 038,뷰티,25000.0,3.0,25000.0,75000.0,True,True,True,True
744,292,14.0,12,2026-06-11,2026-06,Thursday,kakao_pay,completed,F,45.0,대구,2024-01-22,스포츠 상품 012,스포츠,91000.0,4.0,91000.0,364000.0,True,True,True,True
745,292,14.0,96,2026-06-11,2026-06,Thursday,kakao_pay,completed,F,45.0,대구,2024-01-22,패션 상품 096,패션,96000.0,4.0,96000.0,384000.0,True,True,True,True
746,293,20.0,24,2026-03-12,2026-03,Thursday,bank_transfer,refunded,F,30.0,성남,2025-12-30,패션 상품 024,패션,42000.0,1.0,42000.0,42000.0,True,True,True,True
747,293,20.0,81,2026-03-12,2026-03,Thursday,bank_transfer,refunded,F,30.0,성남,2025-12-30,도서 상품 081,도서,79000.0,4.0,79000.0,316000.0,True,True,True,True
748,293,20.0,91,2026-03-12,2026-03,Thursday,bank_transfer,refunded,F,30.0,성남,2025-12-30,전자기기 상품 091,전자기기,125000.0,4.0,125000.0,500000.0,True,True,True,True
749,294,44.0,26,2025-07-06,2025-07,Sunday,card,completed,F,68.0,울산,2025-03-10,뷰티 상품 026,뷰티,79000.0,1.0,79000.0,79000.0,True,True,True,True
750,294,44.0,54,2025-07-06,2025-07,Sunday,card,completed,F,68.0,울산,2025-03-10,전자기기 상품 054,전자기기,152000.0,2.0,152000.0,304000.0,True,True,True,True
751,295,18.0,31,2025-08-11,2025-08,Monday,card,refunded,M,19.0,대전,2025-08-05,패션 상품 031,패션,155000.0,100.0,155000.0,15500000.0,True,True,True,True
752,296,92.0,30,2026-04-13,2026-04,Monday,card,completed,F,25.0,광주,2025-01-04,도서 상품 030,도서,149000.0,2.0,149000.0,298000.0,True,True,True,True
753,296,92.0,54,2026-04-13,2026-04,Monday,card,completed,F,25.0,광주,2025-01-04,전자기기 상품 054,전자기기,152000.0,1.0,152000.0,152000.0,True,True,True,True
754,296,92.0,13,2026-04-13,2026-04,Monday,card,completed,F,25.0,광주,2025-01-04,스포츠 상품 013,스포츠,18000.0,5.0,18000.0,90000.0,True,True,True,True
755,297,36.0,81,2026-07-24,2026-07,Friday,naver_pay,completed,M,32.0,고양,2026-01-30,도서 상품 081,도서,79000.0,2.0,79000.0,158000.0,True,True,True,True
756,297,36.0,92,2026-07-24,2026-07,Friday,naver_pay,completed,M,32.0,고양,2026-01-30,식품 상품 092,식품,74000.0,3.0,74000.0,222000.0,True,True,True,True
757,298,31.0,12,2026-03-27,2026-03,Friday,naver_pay,completed,F,18.0,대구,2023-12-24,스포츠 상품 012,스포츠,91000.0,4.0,91000.0,364000.0,True,True,True,True
758,299,133.0,14,2026-01-08,2026-01,Thursday,naver_pay,cancelled,F,20.0,광주,2024-04-23,식품 상품 014,식품,17000.0,5.0,17000.0,85000.0,True,True,True,True
759,299,133.0,54,2026-01-08,2026-01,Thursday,naver_pay,cancelled,F,20.0,광주,2024-04-23,전자기기 상품 054,전자기기,152000.0,4.0,152000.0,608000.0,True,True,True,True
760,299,133.0,30,2026-01-08,2026-01,Thursday,naver_pay,cancelled,F,20.0,광주,2024-04-23,도서 상품 030,도서,149000.0,1.0,149000.0,149000.0,True,True,True,True
761,299,133.0,50,2026-01-08,2026-01,Thursday,naver_pay,cancelled,F,20.0,광주,2024-04-23,도서 상품 050,도서,103000.0,4.0,103000.0,412000.0,True,True,True,True
762,300,2.0,88,2026-04-29,2026-04,Wednesday,card,completed,M,63.0,대구,2023-09-20,식품 상품 088,식품,176000.0,1.0,176000.0,176000.0,True,True,True,True
763,300,2.0,42,2026-04-29,2026-04,Wednesday,card,completed,M,63.0,대구,2023-09-20,뷰티 상품 042,뷰티,71000.0,3.0,71000.0,213000.0,True,True,True,True
